1,2,3,4,5,6,7,8,9,10,11,12,13,14,15,16,17,18,19,20,21,22,23,24,25,26,27,28,29,30,31,32,33,34,35,36,37,38,39,40,41,42,43,44,45,46,47,48,49,50,51,52,53,name,coords
7.8,7.3999999999999995,7.3999999999999995,7.3999999999999995,7.6,7.8,8.0,8.0,8.0,8.4,8.0,7.8,8.4,8.4,8.8,8.8,8.8,9.2,9.2,9.2,9.6,9.6,9.6,9.4,9.2,8.8,8.4,8.4,8.4,8.4,8.0,8.4,8.4,8.4,8.8,8.8,9.2,9.2,9.6,9.6,8.8,8.4,7.2,9.0,7.8,7.8,8.0,7.8,8.0,7.8,8.0,8.0,8.0,0002I,
7.8,7.3999999999999995,7.3999999999999995,7.4,7.8,7.8,8.0,8.0,7.8,8.600000000000001,8.200000000000001,8.200000000000001,8.600000000000001,8.200000000000001,9.0,9.0,9.0,9.0,9.4,9.4,9.4,9.4,9.4,9.0,9.0,8.600000000000001,8.200000000000001,8.200000000000001,8.200000000000001,8.200000000000001,7.8,8.200000000000001,8.200000000000001,8.200000000000001,8.200000000000001,8.600000000000001,9.0,9.2,9.4,9.4,7.3999999999999995,9.4,8.8,9.0,8.200000000000001,8.200000000000001,7.8,7.8,7.8,7.8,8.0,7.8,7.3999999999999995,0016A,
7.8,7.3999999999999995,7.3999999999999995,6.2,7.8,7.8,7.8,7.8,7.8,7.8,7.8,7.000000000000001,7.8,7.8,8.200000000000001,8.200000000000001,7.8,9.0,9.0,9.0,9.4,9.4,9.4,9.4,9.0,8.600000000000001,8.200000000000001,8.200000000000001,8.200000000000001,8.200000000000001,7.8,8.200000000000001,8.200000000000001,8.200000000000001,8.200000000000001,7.4,7.8,9.0,9.4,9.4,8.600000000000001,8.600000000000001,9.0,9.0,8.200000000000001,8.200000000000001,7.8,7.8,7.8,7.8,7.8,7.8,7.8,00761,
7.6,7.2,7.6,6.4,7.6,7.6,8.0,8.0,8.0,8.0,8.4,8.0,8.4,8.4,9.2,9.2,9.2,9.2,9.6,9.6,8.8,9.2,8.8,8.8,8.4,8.0,7.6,8.0,7.6000000000000005,7.6,7.2,8.0,8.0,8.0,8.4,8.4,8.8,8.8,9.2,9.6,9.6,9.2,9.2,8.8,8.0,8.0,7.6,7.6,7.6,7.6,7.6,7.6,7.2,0149X,
7.3999999999999995,7.3999999999999995,7.3999999999999995,6.6000000000000005,7.3999999999999995,7.3999999999999995,7.3999999999999995,7.8,7.8,7.8,7.8,6.2,7.8,7.8,8.200000000000001,7.8,6.6000000000000005,8.600000000000001,9.0,9.0,9.4,9.4,9.4,9.4,8.600000000000001,8.200000000000001,8.200000000000001,8.200000000000001,8.200000000000001,8.200000000000001,7.8,8.200000000000001,8.200000000000001,8.200000000000001,8.600000000000001,8.600000000000001,8.600000000000001,9.0,9.4,9.0,8.200000000000001,8.200000000000001,8.600000000000001,8.600000000000001,7.8,7.000000000000001,7.8,7.3999999999999995,7.0,7.3999999999999995,7.3999999999999995,7.3999999999999995,7.3999999999999995,0200E,
7.8,7.8,7.8,7.4,7.8,7.8,7.8,7.8,7.8,7.8,7.8,7.000000000000001,7.8,7.8,8.200000000000001,7.8,7.8,8.200000000000001,9.0,9.0,9.0,9.0,9.0,9.4,9.4,9.0,8.600000000000001,8.600000000000001,8.600000000000001,8.600000000000001,8.200000000000001,8.600000000000001,8.600000000000001,9.0,8.600000000000001,7.8,9.0,9.4,9.4,9.4,8.200000000000001,8.600000000000001,9.0,9.0,7.8,7.4,7.8,7.8,7.8,7.8,8.0,8.0,7.3999999999999995,0201D,
8.0,8.0,7.6,6.4,8.0,8.0,8.0,8.0,8.0,8.4,8.4,7.6000000000000005,8.4,8.4,8.8,9.2,8.4,9.2,9.2,9.2,9.6,9.6,9.2,9.2,8.8,8.4,8.4,8.4,8.4,8.4,8.0,8.4,8.4,8.4,8.4,8.0,8.8,9.2,9.6,9.6,7.6,8.8,9.2,9.2,8.4,8.4,8.0,8.0,7.6000000000000005,8.0,8.0,8.0,7.6,0252D,
8.0,7.6,8.0,6.0,7.6,7.6,7.6,7.6,8.0,8.0,8.0,8.0,8.0,8.0,8.4,8.0,7.200000000000001,8.8,9.2,9.2,9.6,9.6,9.6,9.6,9.2,8.8,8.8,8.8,8.8,8.8,8.4,8.8,8.8,8.8,8.8,9.2,9.2,9.6,9.6,9.6,8.0,9.2,9.2,8.8,8.0,8.0,8.0,8.0,7.6000000000000005,7.6,8.0,8.0,7.6,0255B,
7.6,7.2,7.2,7.2,7.6,7.6,7.6,7.6,7.6,8.0,8.0,7.6000000000000005,8.0,8.0,8.4,8.8,7.200000000000001,8.4,8.8,9.2,9.6,9.2,8.0,9.6,8.8,8.8,8.8,8.8,8.4,8.0,8.0,8.0,8.4,8.4,8.8,9.6,9.6,9.6,9.2,9.2,8.0,8.4,8.8,8.0,7.6,7.6,7.6,7.6,7.6,7.6,7.6,7.6,7.6,0324A,
8.0,7.6,7.3999999999999995,5.4,8.0,8.0,8.0,8.0,8.0,7.8,8.4,7.4,8.200000000000001,7.8,9.0,9.0,8.200000000000001,9.0,9.0,9.0,9.0,9.0,9.0,8.600000000000001,8.200000000000001,7.8,7.8,7.8,8.200000000000001,7.8,7.3999999999999995,7.8,7.8,7.8,7.8,8.8,8.600000000000001,8.8,9.2,9.6,8.4,8.8,8.4,9.2,8.0,7.6000000000000005,8.0,7.200000000000001,8.0,7.6,8.0,8.4,8.0,03671,
8.0,7.6,7.6,7.2,7.6,8.0,8.0,8.0,8.0,8.4,8.4,7.6000000000000005,8.4,7.6000000000000005,9.2,9.2,7.2,9.2,9.2,8.4,9.6,9.2,9.6,9.2,8.8,8.4,8.8,8.4,8.8,8.4,8.0,8.8,8.8,8.8,8.4,7.6000000000000005,9.2,8.8,9.6,9.6,7.6,8.4,9.6,9.2,8.0,6.4,8.0,7.2,7.6,7.6,8.0,8.0,7.6,0372C,
6.4,4.4,6.800000000000001,5.6,5.2,5.6,8.0,6.4,6.0,6.0,7.6000000000000005,7.6,7.200000000000001,7.200000000000001,7.200000000000001,9.2,7.6000000000000005,8.8,8.8,7.6000000000000005,9.6,9.2,8.4,8.0,9.6,9.2,9.2,8.8,9.6,9.6,9.2,9.2,9.6,8.4,8.4,9.2,9.6,9.2,8.8,8.8,9.2,9.2,8.4,6.800000000000001,4.4,7.6000000000000005,6.4,7.2,6.800000000000001,4.0,7.6,7.2,3.6,1002Y,
6.0,5.0,6.2,6.4,5.0,4.6,7.8,6.800000000000001,5.8,5.8,7.000000000000001,7.000000000000001,7.000000000000001,6.6000000000000005,7.4,9.0,7.000000000000001,8.600000000000001,7.3999999999999995,6.2,9.2,8.4,7.3999999999999995,7.3999999999999995,9.6,9.6,9.6,9.0,8.8,9.2,9.2,9.2,9.6,8.8,8.4,8.8,7.2,9.6,8.4,7.3999999999999995,8.8,8.4,8.0,5.2,4.2,5.8,6.2,7.6000000000000005,6.0,3.8,7.8,6.800000000000001,3.6,10141,
6.0,5.0,6.2,6.0,5.0,4.2,7.8,7.200000000000001,5.4,5.4,7.000000000000001,7.000000000000001,7.4,6.6000000000000005,7.4,9.0,7.000000000000001,8.200000000000001,7.3999999999999995,6.2,9.2,8.4,7.8,7.0,9.6,9.6,9.6,9.2,8.8,8.8,9.2,8.8,9.6,8.8,8.4,8.8,7.2,9.2,8.4,7.0,8.4,8.0,8.0,5.2,4.2,5.4,5.8,7.6000000000000005,5.6,4.2,7.8,6.4,3.6,1014A,
5.8,5.0,6.6000000000000005,6.2,4.4,4.6,7.3999999999999995,6.6000000000000005,5.2,5.6,7.0,7.0,7.4,7.000000000000001,6.6000000000000005,8.200000000000001,6.6000000000000005,7.8,7.4,5.8,9.0,8.200000000000001,8.200000000000001,7.000000000000001,9.0,9.0,9.0,8.200000000000001,9.4,8.600000000000001,9.4,9.0,9.0,9.4,7.8,8.200000000000001,8.200000000000001,9.4,7.8,7.000000000000001,7.8,7.000000000000001,7.000000000000001,5.4,4.0,5.8,5.8,5.8,6.2,4.0,7.0,7.0,3.4000000000000004,1024E,
6.0,4.0,6.4,5.2,4.0,4.800000000000001,7.6,6.0,6.4,5.6,6.800000000000001,6.4,7.2,6.800000000000001,6.4,8.0,7.2,8.0,8.4,7.200000000000001,9.2,9.2,9.2,8.4,9.2,9.6,9.6,9.6,9.6,9.6,9.6,9.6,9.6,8.8,9.6,9.2,8.8,9.6,9.2,8.4,8.8,8.0,6.800000000000001,6.800000000000001,4.4,6.800000000000001,6.4,6.800000000000001,6.4,3.6,7.2,6.4,3.6,1037Y,
6.6000000000000005,6.2,7.3999999999999995,7.3999999999999995,6.2,6.2,7.8,7.3999999999999995,7.000000000000001,7.4,7.8,7.4,7.8,7.8,7.8,9.0,7.8,8.200000000000001,8.200000000000001,7.4,9.2,9.0,9.0,8.600000000000001,9.6,9.4,9.6,9.4,9.4,9.6,9.6,9.0,9.4,9.2,9.6,9.4,9.4,9.6,9.2,8.8,9.0,8.200000000000001,8.200000000000001,7.4,5.8,7.000000000000001,6.6000000000000005,6.6000000000000005,7.000000000000001,5.8,7.8,7.8,4.2,1041A,
6.4,4.0,6.800000000000001,6.0,5.2,4.8,7.6,6.0,6.0,6.0,7.2,6.800000000000001,8.0,7.6000000000000005,6.800000000000001,8.8,7.6000000000000005,8.4,8.0,8.0,9.2,9.2,9.2,8.8,9.6,9.6,9.6,9.6,9.6,9.6,9.6,9.6,9.6,9.2,9.2,9.6,8.8,9.6,8.8,8.4,9.2,8.0,7.6000000000000005,6.800000000000001,4.4,7.2,6.4,6.4,6.4,4.8,7.6,6.800000000000001,3.6,1050J,
7.0,7.0,7.3999999999999995,7.3999999999999995,7.000000000000001,7.0,7.3999999999999995,7.3999999999999995,7.8,7.6,7.3999999999999995,7.3999999999999995,7.8,7.8,7.8,8.200000000000001,7.8,7.8,8.200000000000001,7.8,9.0,8.600000000000001,9.0,9.0,9.4,9.0,9.4,9.4,9.4,9.4,9.4,9.4,9.4,9.4,9.6,9.0,8.200000000000001,9.2,9.0,8.600000000000001,9.0,8.600000000000001,7.8,7.4,7.6,7.3999999999999995,7.0,7.0,7.8,7.3999999999999995,7.3999999999999995,7.3999999999999995,7.8,1055B,
7.0,6.4,7.4,7.0,5.200000000000001,5.6,7.8,7.000000000000001,6.2,6.600000000000001,7.4,6.6000000000000005,7.8,7.8,7.8,8.200000000000001,7.8,7.8,7.8,6.800000000000001,8.200000000000001,8.600000000000001,7.200000000000001,6.800000000000001,8.600000000000001,8.600000000000001,9.0,9.0,9.0,9.0,9.0,9.0,9.0,9.0,8.600000000000001,9.0,7.3999999999999995,8.600000000000001,8.600000000000001,4.800000000000001,8.600000000000001,7.000000000000001,7.000000000000001,6.2,4.2,6.2,6.2,7.8,6.2,4.800000000000001,7.4,7.8,3.4000000000000004,1057B,
7.2,5.8,7.0,7.0,5.8,5.8,7.6,7.2,6.6000000000000005,7.000000000000001,7.3999999999999995,6.800000000000001,7.8,7.8,7.6000000000000005,8.4,8.0,8.0,8.4,7.8,9.2,9.2,8.8,8.600000000000001,9.2,9.2,9.2,9.2,9.6,9.2,9.2,9.2,9.2,9.6,9.6,9.6,7.8,9.6,9.2,8.4,9.2,8.4,8.0,6.800000000000001,5.4,7.200000000000001,7.200000000000001,6.4,6.4,5.8,8.0,7.6,7.3999999999999995,1059X,
6.4,4.800000000000001,7.2,6.0,4.4,4.8,7.6,6.0,7.6000000000000005,7.000000000000001,8.0,6.4,8.0,8.0,7.6000000000000005,8.8,8.0,8.8,8.8,8.8,9.2,9.2,9.2,9.2,9.6,9.6,9.6,9.6,9.6,9.6,9.6,9.6,9.6,8.8,9.6,9.6,7.6,9.6,9.6,9.2,9.2,8.8,8.4,6.4,6.4,7.6,6.800000000000001,6.4,6.4,6.4,7.6,6.800000000000001,4.800000000000001,1078I,
7.2,4.6,6.6000000000000005,6.6000000000000005,5.8,5.0,7.8,6.6000000000000005,6.6000000000000005,6.6000000000000005,7.8,6.6000000000000005,8.200000000000001,7.8,7.4,9.0,7.8,8.600000000000001,8.600000000000001,8.600000000000001,9.4,9.4,9.4,8.600000000000001,9.4,9.4,9.4,9.4,9.0,9.0,9.0,8.600000000000001,9.0,8.600000000000001,9.0,9.6,8.600000000000001,9.2,9.6,8.4,9.6,8.4,8.4,7.2,4.6000000000000005,7.200000000000001,7.000000000000001,6.6000000000000005,6.4,5.8,7.6000000000000005,8.0,4.2,10821,
7.3999999999999995,5.4,7.3999999999999995,7.0,6.2,5.0,7.8,6.6000000000000005,6.6000000000000005,7.000000000000001,7.3999999999999995,6.6000000000000005,7.8,7.8,8.0,8.200000000000001,7.8,8.200000000000001,8.600000000000001,7.8,9.2,9.2,8.600000000000001,8.600000000000001,9.2,9.0,9.2,9.2,9.6,9.6,9.6,9.6,9.4,9.6,9.6,9.2,8.600000000000001,9.6,9.2,8.200000000000001,9.0,7.6000000000000005,7.6000000000000005,7.4,4.6000000000000005,8.0,6.6000000000000005,7.4,5.8,5.4,7.8,7.6,3.6,1083L,
7.2,6.2,7.3999999999999995,6.2,6.2,5.8,7.8,7.2,7.000000000000001,7.000000000000001,7.0,6.2,7.8,7.8,7.000000000000001,8.600000000000001,7.8,8.200000000000001,8.600000000000001,7.8,9.0,9.0,8.600000000000001,8.200000000000001,9.4,9.4,9.6,9.0,9.4,9.6,9.6,9.4,9.4,9.6,9.4,9.6,8.200000000000001,9.6,8.600000000000001,7.0,9.0,7.4,7.0,6.6000000000000005,5.0,6.6000000000000005,7.000000000000001,6.6000000000000005,6.4,5.0,7.8,7.000000000000001,3.6,11091,
7.0,6.6000000000000005,7.3999999999999995,6.6000000000000005,5.8,6.6000000000000005,7.3999999999999995,7.3999999999999995,7.000000000000001,7.6,7.3999999999999995,6.2,7.8,7.8,7.4,7.8,7.8,7.8,7.8,7.4,8.200000000000001,8.600000000000001,7.8,7.4,9.0,9.0,9.0,9.0,9.0,9.4,9.4,9.4,9.4,9.4,9.4,9.0,7.8,9.0,8.600000000000001,7.0,9.0,7.8,6.6000000000000005,6.2,5.200000000000001,7.000000000000001,7.000000000000001,6.6000000000000005,5.4,4.800000000000001,7.8,7.3999999999999995,3.2,11111,
7.0,6.4,7.199999999999999,6.6000000000000005,5.6,6.4,7.3999999999999995,7.3999999999999995,6.4,7.200000000000001,7.3999999999999995,6.6000000000000005,7.8,7.8,7.4,7.8,7.8,7.8,7.8,7.8,8.200000000000001,8.600000000000001,7.8,7.8,9.0,9.0,9.0,9.0,9.0,9.4,9.4,9.4,9.4,9.4,9.4,9.0,7.8,9.0,8.600000000000001,7.0,9.0,7.8,7.4,6.2,5.000000000000001,7.000000000000001,7.000000000000001,6.6000000000000005,5.4,4.800000000000001,7.8,7.0,3.2,1111X,
7.3999999999999995,7.0,7.3999999999999995,7.0,5.4,5.8,7.6,7.0,7.0,7.4,7.3999999999999995,6.2,7.8,7.3999999999999995,8.0,7.8,7.3999999999999995,7.8,7.8,7.8,8.4,8.8,8.600000000000001,8.200000000000001,9.2,9.0,9.2,8.600000000000001,9.2,9.6,9.6,9.4,9.6,9.6,9.2,8.8,8.600000000000001,9.2,9.0,7.8,9.2,6.800000000000001,6.800000000000001,6.800000000000001,5.8,7.4,7.200000000000001,7.6000000000000005,6.4,6.2,8.0,7.6,5.0,11591,
7.3999999999999995,7.0,7.6,6.4,5.4,6.2,7.6,7.2,7.0,7.4,7.3999999999999995,6.6000000000000005,7.8,7.8,7.200000000000001,7.8,7.8,7.8,7.4,7.4,8.8,8.8,8.600000000000001,8.600000000000001,9.2,8.8,9.2,9.0,9.6,9.6,9.2,9.6,9.2,9.6,8.4,8.8,9.2,8.4,9.2,7.4,9.2,7.6000000000000005,7.200000000000001,6.800000000000001,5.8,7.200000000000001,7.200000000000001,7.200000000000001,6.800000000000001,6.2,8.0,7.6,5.4,1183X,
7.2,6.800000000000001,7.2,6.800000000000001,6.4,6.4,8.0,7.6,7.6000000000000005,7.8,8.0,7.2,8.0,7.6000000000000005,8.0,8.4,8.0,8.4,8.4,8.4,8.8,9.2,8.4,9.2,9.2,9.2,9.2,9.6,9.6,9.6,9.6,9.6,9.6,9.6,9.6,9.2,8.8,9.2,9.2,8.8,9.2,7.2,8.0,7.200000000000001,6.0,8.0,7.200000000000001,7.6000000000000005,6.4,6.0,7.6000000000000005,8.0,3.8,1207U,
7.6,7.3999999999999995,7.3999999999999995,7.0,6.6000000000000005,7.0,7.3999999999999995,7.3999999999999995,7.3999999999999995,7.3999999999999995,7.3999999999999995,7.3999999999999995,7.3999999999999995,7.8,7.3999999999999995,7.8,7.3999999999999995,7.8,6.6000000000000005,7.8,7.8,8.200000000000001,8.200000000000001,7.8,8.200000000000001,8.200000000000001,8.200000000000001,8.600000000000001,8.600000000000001,8.600000000000001,8.600000000000001,8.600000000000001,8.600000000000001,8.600000000000001,8.200000000000001,8.200000000000001,7.4,8.200000000000001,8.200000000000001,7.4,7.8,7.000000000000001,7.8,7.4,5.8,7.4,7.4,7.8,5.4,6.4,7.3999999999999995,7.0,7.199999999999999,1210X,
6.6000000000000005,7.3999999999999995,7.0,6.2,5.8,6.2,8.0,7.3999999999999995,6.6000000000000005,7.4,7.0,7.0,7.8,7.4,7.8,7.8,7.8,7.8,7.4,7.8,8.600000000000001,9.2,8.200000000000001,8.600000000000001,9.2,9.0,9.2,9.0,9.2,9.2,9.2,9.4,9.4,9.6,8.8,9.0,8.200000000000001,9.2,9.0,7.8,8.600000000000001,7.000000000000001,7.000000000000001,7.4,5.8,7.000000000000001,6.6000000000000005,7.0,5.8,5.4,6.6000000000000005,7.0,3.8,1212E,
6.800000000000001,6.2,6.6000000000000005,6.2,4.6000000000000005,5.4,6.6000000000000005,7.2,5.8,5.4,6.6000000000000005,6.6000000000000005,7.0,6.2,6.2,6.6000000000000005,6.800000000000001,6.4,6.2,6.800000000000001,7.6,8.0,6.800000000000001,7.6,7.6000000000000005,7.200000000000001,7.6000000000000005,8.4,8.0,8.8,8.8,8.4,8.0,9.2,8.4,7.6000000000000005,6.4,7.6000000000000005,8.0,8.0,7.0,5.4,5.0,5.8,4.290909090909091,7.0,6.6802371541501975,6.6802371541501975,6.280237154150198,5.480237154150198,4.6802371541501975,7.0,4.271001824262694,1221D,
7.2,6.800000000000001,7.2,6.4,6.0,6.4,7.6,7.2,7.0,7.4,7.6,6.800000000000001,8.0,8.0,7.200000000000001,8.4,8.0,8.4,7.200000000000001,8.4,8.8,9.2,8.4,8.8,9.2,8.8,9.2,9.6,9.6,9.6,9.6,9.6,9.6,9.6,9.6,9.2,8.4,9.2,9.2,9.2,9.2,6.800000000000001,7.200000000000001,7.200000000000001,5.6,6.4,6.800000000000001,7.2,6.4,5.8,7.2,7.6,4.2,1249I,
7.2,6.800000000000001,7.2,6.4,5.4,6.4,7.6,7.2,7.0,7.4,7.6,6.800000000000001,8.0,8.0,7.200000000000001,8.8,8.0,8.4,7.2,8.4,8.8,9.2,8.4,8.4,9.2,8.4,9.2,9.6,9.6,9.6,9.6,9.2,9.6,9.6,9.6,9.2,8.4,9.6,9.2,9.2,9.2,6.800000000000001,6.800000000000001,7.200000000000001,5.6,6.4,6.800000000000001,6.800000000000001,6.4,5.8,7.2,7.6,4.2,1249X,
5.6,7.3999999999999995,7.3999999999999995,7.199999999999999,7.3999999999999995,6.4,7.8,7.3999999999999995,7.199999999999999,7.6,7.3999999999999995,7.3999999999999995,7.6,7.8,7.8,7.8,7.8,7.8,7.4,7.8,7.8,8.200000000000001,7.8,8.600000000000001,8.600000000000001,8.600000000000001,9.0,9.0,9.0,9.0,9.0,9.0,9.0,9.0,9.0,9.0,8.600000000000001,9.0,9.0,8.600000000000001,8.600000000000001,8.200000000000001,7.8,7.8,7.000000000000001,7.8,7.8,7.8,6.4,6.4,7.8,7.199999999999999,7.4,1283U,
6.0,7.2,7.3999999999999995,7.2,6.2,6.6000000000000005,7.6000000000000005,8.0,7.4,7.4,7.6000000000000005,7.2,7.8,7.8,7.6000000000000005,8.0,8.0,7.8,8.0,8.4,8.8,9.2,8.8,9.2,9.2,9.2,9.2,9.2,9.6,9.6,9.6,9.6,8.8,9.6,9.6,9.2,9.2,9.2,9.2,9.2,8.8,7.6000000000000005,8.8,7.6000000000000005,5.8,7.200000000000001,6.4,7.6000000000000005,7.200000000000001,6.6000000000000005,7.4,8.0,4.2,1331A,
5.200000000000001,7.0,6.8,6.8,5.6,5.2,7.0,7.0,5.2,5.200000000000001,6.8,6.8,6.4,6.8,7.6,7.6,7.0,7.2,7.000000000000001,7.2,7.6,8.4,8.0,7.800000000000001,8.4,8.8,8.8,8.6,8.8,8.8,8.6,8.8,8.6,8.8,8.8,8.6,8.6,9.0,8.200000000000001,7.800000000000001,8.200000000000001,7.4,7.4,7.000000000000001,7.2,7.2,6.200000000000001,7.0,7.2,5.6,6.4,6.8,3.6,13511,
5.8,7.0,7.0,7.0,5.8,6.2,7.000000000000001,7.3999999999999995,5.4,7.4,7.3999999999999995,6.6000000000000005,7.000000000000001,7.000000000000001,7.000000000000001,8.200000000000001,7.8,8.200000000000001,7.8,8.200000000000001,8.600000000000001,9.0,8.200000000000001,8.600000000000001,9.0,9.0,9.0,9.4,9.0,9.0,9.4,9.4,9.0,9.4,9.4,9.0,9.0,9.2,9.0,9.0,8.600000000000001,7.4,9.0,7.4,6.6000000000000005,7.4,6.6000000000000005,7.8,7.4,6.2,5.8,7.8,4.4,13871,
7.3999999999999995,7.3999999999999995,6.6000000000000005,7.3999999999999995,5.8,7.3999999999999995,7.4,7.3999999999999995,6.2,7.000000000000001,7.0,6.6000000000000005,7.8,7.4,7.000000000000001,9.0,7.8,8.600000000000001,7.8,8.600000000000001,9.0,9.0,8.200000000000001,8.600000000000001,9.0,9.0,9.4,9.4,9.4,9.4,9.4,9.4,9.0,9.4,9.4,9.4,9.0,9.2,9.0,9.0,8.600000000000001,7.4,8.600000000000001,7.4,6.2,7.4,6.2,7.8,7.000000000000001,6.2,5.8,7.3999999999999995,5.4,1387E,
6.4,6.200000000000001,6.200000000000001,6.6000000000000005,4.4,6.000000000000001,6.0,7.199999999999999,5.6000000000000005,5.4,6.6000000000000005,6.6000000000000005,6.200000000000001,6.200000000000001,6.0,7.6,6.8,7.000000000000001,7.000000000000001,7.6,8.200000000000001,8.200000000000001,7.4,8.0,8.600000000000001,8.600000000000001,8.8,8.0,8.4,8.8,8.8,8.8,8.8,8.8,8.8,8.200000000000001,8.8,9.0,8.4,8.0,7.6,6.4,7.6,5.6,5.000000000000001,7.200000000000001,4.4,7.199999999999999,6.6000000000000005,5.0,5.4,6.800000000000001,3.6,13931,
6.6000000000000005,6.6000000000000005,7.199999999999999,7.0,5.6000000000000005,6.000000000000001,6.800000000000001,7.199999999999999,6.4,6.6000000000000005,7.199999999999999,7.0,6.6000000000000005,6.6000000000000005,6.800000000000001,7.6,7.0,7.000000000000001,7.4,7.6,8.200000000000001,8.4,7.4,7.6,8.8,8.0,8.8,8.8,8.8,8.6,8.8,8.6,8.8,8.8,8.8,8.8,8.8,8.4,8.600000000000001,8.4,7.6,6.800000000000001,8.0,6.0,6.200000000000001,7.4,5.6,7.199999999999999,6.200000000000001,5.800000000000001,6.200000000000001,6.6000000000000005,5.200000000000001,14001,
5.0,6.800000000000001,6.6000000000000005,6.6000000000000005,3.8,5.4,6.2,7.2,5.0,5.4,7.0,6.2,6.6000000000000005,6.2,7.000000000000001,9.2,7.8,7.8,7.4,9.2,9.2,9.6,8.600000000000001,9.0,9.6,8.600000000000001,9.6,8.8,9.4,9.4,9.0,9.4,9.6,9.2,9.6,9.6,9.6,8.8,9.2,9.2,8.4,6.4,8.4,5.8,4.6,6.800000000000001,5.6,6.4,6.0,5.0,5.0,6.800000000000001,3.4000000000000004,14281,
4.6,7.2,6.4,6.800000000000001,5.2,6.2,6.4,8.0,5.2,5.6000000000000005,7.6000000000000005,7.000000000000001,7.000000000000001,5.8,6.4,9.0,8.4,9.0,7.6000000000000005,9.2,9.6,9.6,9.2,9.2,9.6,9.6,8.8,8.200000000000001,8.8,8.8,8.4,8.600000000000001,8.8,8.8,8.8,8.600000000000001,8.8,9.6,9.6,9.6,8.0,7.200000000000001,8.8,6.0,5.2,7.200000000000001,6.0,6.800000000000001,6.0,5.2,5.0,6.6000000000000005,4.0,1473A,
5.6,7.2,6.0,6.800000000000001,4.0,5.2,6.4,8.0,5.2,5.2,7.6000000000000005,6.800000000000001,6.800000000000001,6.0,6.800000000000001,8.8,8.0,8.4,6.0,9.2,9.2,9.6,8.4,9.2,9.6,9.6,9.6,8.8,9.2,9.6,8.8,9.2,9.6,8.8,9.2,9.6,9.6,9.6,9.2,9.2,7.6,6.4,8.8,6.4,4.4,6.800000000000001,5.6,6.4,6.0,4.4,4.8,7.2,4.0,1475X,
6.4,7.2,6.4,7.2,4.4,5.6,6.800000000000001,8.0,5.2,4.6,7.6000000000000005,7.200000000000001,7.200000000000001,5.8,6.0,9.2,7.6000000000000005,8.8,7.6000000000000005,9.2,8.4,9.6,8.4,9.2,9.6,9.2,9.6,8.8,9.2,9.2,8.8,9.6,9.6,9.2,9.2,9.2,9.6,9.2,8.8,9.2,7.6,6.800000000000001,8.4,5.6000000000000005,4.8,6.800000000000001,5.2,7.6,6.4,4.0,4.4,6.800000000000001,4.0,1484C,
4.2,6.800000000000001,6.6000000000000005,6.6000000000000005,3.8,3.8,7.0,7.8,4.6,4.6,7.000000000000001,7.000000000000001,7.000000000000001,5.0,5.8,8.600000000000001,6.6000000000000005,8.200000000000001,7.4,9.0,9.0,9.4,8.200000000000001,9.0,9.4,9.0,9.4,8.600000000000001,9.0,9.0,8.600000000000001,9.0,9.0,8.600000000000001,8.600000000000001,9.0,8.8,9.2,8.8,9.2,8.200000000000001,6.6000000000000005,8.600000000000001,5.8,4.6,6.2,5.0,7.0,5.8,3.8,4.2,6.2,3.4000000000000004,14951,
5.6,6.800000000000001,6.800000000000001,7.2,5.2,6.4,7.6,7.6,6.2,5.8,7.2,6.800000000000001,7.200000000000001,6.800000000000001,7.200000000000001,8.8,8.0,8.4,8.0,9.2,9.2,9.6,9.2,9.2,9.6,9.6,9.6,9.6,9.6,9.2,9.2,9.2,9.6,8.8,9.2,9.6,9.6,9.2,9.2,9.2,8.0,7.200000000000001,8.4,7.6000000000000005,5.2,6.4,6.4,7.6,6.4,6.0,6.4,7.2,4.2,15051,
5.4,6.6000000000000005,7.0,7.0,5.8,4.6000000000000005,7.0,7.0,6.6000000000000005,6.6000000000000005,7.0,6.6000000000000005,6.6000000000000005,5.8,6.6000000000000005,7.3999999999999995,7.0,7.0,5.8,7.0,7.3999999999999995,7.8,6.6000000000000005,6.6000000000000005,8.200000000000001,7.4,9.0,9.0,8.600000000000001,9.0,9.0,9.0,9.0,9.0,8.600000000000001,7.8,7.8,7.8,7.8,7.8,7.4,6.6000000000000005,7.0,6.2,5.254545454545455,6.6000000000000005,7.240316205533596,7.640316205533597,7.0,6.027248527869646,6.027248527869646,7.0,4.415186056179845,15421,
6.4,7.2,7.6,7.6,6.4,6.800000000000001,7.6,8.0,7.6,8.0,8.0,8.0,8.0,8.0,8.0,9.2,8.8,9.2,8.8,9.6,9.6,9.2,9.6,9.6,8.8,8.8,8.4,8.0,8.0,8.0,8.0,8.4,8.4,8.0,8.4,8.4,8.8,9.2,9.6,9.6,9.6,8.4,9.2,8.0,7.2,7.6,6.800000000000001,7.6,7.6,6.4,6.4,7.2,4.800000000000001,15491,
5.6,7.2,7.2,6.800000000000001,4.6000000000000005,5.8,7.6,7.6,6.2,5.8,7.2,7.0,7.6000000000000005,6.800000000000001,7.200000000000001,8.4,8.0,8.8,8.0,9.2,9.2,9.6,9.2,9.2,9.6,9.6,9.2,8.8,8.8,8.8,8.8,8.8,9.2,8.8,9.2,9.2,9.6,9.6,9.2,9.2,9.2,7.6000000000000005,8.0,7.2,6.4,6.800000000000001,6.4,7.2,6.0,4.6000000000000005,5.6,6.800000000000001,3.8,1631E,
6.800000000000001,7.6,7.6,7.6,6.0,6.800000000000001,8.0,8.0,7.200000000000001,7.200000000000001,8.0,8.0,9.2,7.200000000000001,8.4,9.6,9.2,9.6,8.8,9.6,9.2,8.8,9.6,9.6,8.4,8.8,8.4,8.0,8.0,8.0,7.6,8.0,8.0,8.0,8.0,8.4,8.4,8.8,9.2,9.2,9.2,8.4,9.2,8.4,7.200000000000001,8.0,6.800000000000001,7.6,7.6,6.4,6.4,7.6,5.6,1690A,
6.4,7.2,7.6,7.6,5.6,6.0,7.6,8.0,6.0,6.800000000000001,7.6000000000000005,7.6000000000000005,7.6000000000000005,6.4,7.6000000000000005,9.2,8.8,8.8,8.0,9.6,9.6,9.6,9.2,9.6,9.2,9.2,8.8,8.0,8.4,8.4,8.0,8.4,8.4,8.0,8.4,8.4,8.8,9.2,9.6,9.6,8.4,7.6000000000000005,9.2,7.6000000000000005,6.0,8.0,6.0,7.2,7.2,5.6,5.6,7.6,4.0,1700X,
6.4,7.2,7.2,7.2,6.2,6.6000000000000005,7.6,7.6,6.6000000000000005,6.6000000000000005,8.0,7.3999999999999995,8.0,6.2,6.800000000000001,8.4,8.0,8.600000000000001,8.200000000000001,9.2,9.2,9.6,9.2,9.0,9.6,9.6,9.2,8.4,8.8,8.8,8.4,8.8,8.8,8.4,8.8,8.8,9.2,9.6,9.6,9.2,9.2,7.6000000000000005,8.4,8.0,6.800000000000001,7.6,7.2,7.6,7.2,6.0,6.0,7.6,4.6000000000000005,1735X,
7.0,7.2,7.2,7.2,6.6000000000000005,7.0,7.6,7.6,7.0,7.3999999999999995,7.6,7.3999999999999995,7.3999999999999995,7.3999999999999995,7.6000000000000005,7.6000000000000005,7.8,8.200000000000001,8.600000000000001,8.600000000000001,9.2,8.4,9.6,9.4,8.8,8.8,8.4,8.4,8.200000000000001,8.0,8.0,8.4,8.4,8.4,8.8,9.2,9.6,9.6,9.6,9.2,9.2,8.0,8.4,8.0,7.0,7.6,7.6,7.2,7.2,7.0,7.2,7.6,6.361538461538461,20301,
7.2,7.2,7.2,7.2,7.0,7.0,7.6,7.6,7.3999999999999995,7.3999999999999995,8.0,7.6,7.8,7.8,8.0,8.8,8.4,9.2,9.2,9.2,9.6,9.6,9.6,9.6,8.4,8.0,8.0,8.0,8.0,7.6,7.6,8.0,8.4,8.0,8.4,8.8,9.6,9.6,9.6,9.2,9.2,8.0,8.4,8.0,7.6,7.6,7.6,7.2,7.2,7.2,7.2,7.2,6.6000000000000005,2117D,
6.6000000000000005,7.0,6.6000000000000005,6.6000000000000005,5.8,3.4000000000000004,7.0,7.0,6.6000000000000005,6.2,7.0,7.0,7.0,7.0,6.6000000000000005,6.0,6.6000000000000005,6.6000000000000005,6.2,7.3999999999999995,7.8,7.8,7.8,7.8,9.0,9.0,9.0,9.4,9.4,9.4,9.4,9.4,9.4,9.4,9.0,9.2,7.8,8.200000000000001,8.200000000000001,7.8,7.8,5.4,7.3999999999999995,4.6000000000000005,5.427272727272728,6.627272727272728,5.427272727272728,7.027272727272727,7.827272727272727,7.027272727272727,6.2272727272727275,7.0,3.411363636363636,2150H,
6.6000000000000005,7.2,7.2,7.2,5.0,6.800000000000001,7.0,7.6,6.2,6.6000000000000005,7.3999999999999995,7.0,7.3999999999999995,7.0,6.2,7.4,7.3999999999999995,7.8,7.4,8.200000000000001,9.2,9.2,9.2,9.2,9.6,9.6,9.2,9.2,9.2,8.8,8.8,8.8,9.2,8.8,9.2,9.6,9.6,9.6,9.2,9.2,9.0,7.6000000000000005,8.0,8.0,7.0,7.2,6.4,7.2,7.2,7.2,5.2,7.6,7.2153846153846155,2235U,
6.2,7.2,7.2,7.0,6.2,6.6000000000000005,7.2,7.3999999999999995,6.6000000000000005,7.0,7.3999999999999995,7.0,7.3999999999999995,7.3999999999999995,6.800000000000001,7.8,7.8,7.8,8.200000000000001,8.600000000000001,9.2,9.2,9.2,9.0,8.8,8.8,8.8,8.8,8.4,8.4,8.0,8.4,8.8,8.4,8.8,9.2,9.6,9.6,9.2,9.2,9.2,8.0,8.4,7.2,7.0,7.6,7.2,7.2,7.2,6.2,6.800000000000001,7.2,5.115384615384615,22981,
7.0,7.0,7.0,7.0,7.0,7.0,7.0,7.3999999999999995,7.0,7.3999999999999995,7.3999999999999995,7.0,7.3999999999999995,7.3999999999999995,7.000000000000001,7.4,7.8,7.8,8.200000000000001,8.200000000000001,9.0,9.0,9.0,9.0,9.0,8.600000000000001,8.200000000000001,8.4,8.4,8.200000000000001,8.200000000000001,8.600000000000001,8.600000000000001,8.200000000000001,8.600000000000001,9.4,9.4,9.4,9.0,9.0,9.0,7.8,7.4,7.8,7.0,7.3999999999999995,6.6000000000000005,7.0,7.0,7.0,7.0,7.0,6.0,23311,
7.2,7.2,7.2,7.2,7.2,7.2,7.6,7.6,7.6,7.6,8.0,7.6,8.0,8.0,7.6000000000000005,8.4,8.0,8.8,9.2,9.2,9.6,9.6,9.6,9.6,8.8,8.8,8.4,8.4,8.4,8.0,8.4,8.8,8.8,8.4,8.8,9.2,9.6,9.6,9.6,10.0,9.2,8.0,8.4,8.0,7.6,7.6,7.6,7.2,7.2,7.2,7.2,7.2,7.0,2374X,
7.0,7.0,7.0,7.0,6.800000000000001,7.0,7.0,7.3999999999999995,7.199999999999999,7.199999999999999,7.3999999999999995,7.3999999999999995,7.3999999999999995,7.3999999999999995,7.8,7.8,7.8,8.600000000000001,8.200000000000001,8.600000000000001,9.0,9.4,9.4,9.4,8.600000000000001,8.600000000000001,8.200000000000001,8.200000000000001,8.200000000000001,7.8,7.8,8.200000000000001,8.600000000000001,8.200000000000001,8.600000000000001,9.0,9.4,9.4,9.8,9.4,9.0,7.8,7.8,7.3999999999999995,7.0,7.3999999999999995,7.0,7.0,7.0,6.800000000000001,7.0,7.0,7.530769230769231,2400E,
6.800000000000001,7.2,7.2,7.2,7.2,7.6,7.6,7.6,7.6,7.3999999999999995,8.0,7.6,8.0,8.0,7.6000000000000005,8.8,8.4,9.2,9.2,9.2,9.6,9.2,9.6,9.6,8.4,8.4,8.0,8.0,8.0,7.6,7.6,8.4,8.4,8.0,8.4,8.8,9.2,9.2,9.6,9.6,9.6,8.4,8.8,8.0,7.6,7.6,7.6,7.6,7.2,7.2,7.2,7.2,6.6000000000000005,24221,
7.2,7.2,7.2,7.0,7.0,7.0,7.2,7.6,7.3999999999999995,7.3999999999999995,7.3999999999999995,7.0,7.3999999999999995,7.3999999999999995,7.3999999999999995,7.8,7.8,8.200000000000001,8.200000000000001,8.600000000000001,9.0,9.4,9.4,9.4,8.600000000000001,8.600000000000001,8.200000000000001,8.200000000000001,8.200000000000001,7.8,8.200000000000001,8.200000000000001,8.600000000000001,8.200000000000001,8.8,9.2,9.4,9.6,9.6,9.2,9.2,8.0,8.0,8.0,7.0,7.3999999999999995,7.6,7.2,7.2,7.0,7.2,7.6,7.0,24441,
5.8,7.0,6.6000000000000005,5.0,5.4,3.4000000000000004,7.0,6.6000000000000005,5.0,5.0,6.6000000000000005,5.4,7.0,5.8,5.0,5.4,6.6000000000000005,6.6000000000000005,6.6000000000000005,7.0,7.4,7.4,7.8,7.8,9.0,9.0,9.4,9.4,9.4,9.4,9.0,9.4,9.6,9.4,8.8,9.2,7.8,6.6000000000000005,7.8,7.8,7.3999999999999995,4.6000000000000005,5.4,5.0,5.8,5.8,6.2,6.2,7.4,5.0,6.6000000000000005,7.0,1.6,24621,
6.6000000000000005,7.2,7.2,7.2,7.0,7.0,7.6,7.6,7.3999999999999995,7.3999999999999995,7.3999999999999995,7.3999999999999995,7.3999999999999995,7.3999999999999995,7.4,7.8,7.8,8.200000000000001,8.600000000000001,9.0,9.6,9.6,9.4,9.4,8.600000000000001,8.200000000000001,8.200000000000001,8.4,8.200000000000001,7.8,8.0,8.200000000000001,8.200000000000001,8.4,8.8,8.8,9.4,9.6,9.6,9.6,9.2,8.0,8.4,8.0,7.3999999999999995,7.6,7.3999999999999995,7.0,7.6,7.0,7.0,7.6,6.2,24651,
6.4,7.2,7.6,7.6,7.3999999999999995,7.3999999999999995,7.6,7.6,7.6,8.0,8.0,7.6,8.0,8.4,8.8,9.2,8.4,9.2,8.8,9.6,9.2,9.2,8.8,8.4,7.6,8.8,7.6000000000000005,8.4,8.4,8.0,8.0,8.8,8.4,7.6,8.4,8.8,9.6,9.6,9.6,9.2,9.6,8.8,9.6,8.4,7.6,7.6,7.6,7.2,7.2,7.2,7.2,7.2,4.6,2503X,
7.0,7.0,7.0,7.0,7.0,7.0,7.3999999999999995,7.3999999999999995,7.3999999999999995,7.199999999999999,7.3999999999999995,7.3999999999999995,7.3999999999999995,7.3999999999999995,7.8,7.8,7.8,8.200000000000001,8.600000000000001,9.0,9.0,9.4,9.4,9.4,8.600000000000001,8.600000000000001,8.200000000000001,8.200000000000001,8.200000000000001,7.8,8.200000000000001,8.200000000000001,8.600000000000001,8.200000000000001,8.600000000000001,9.0,9.4,9.4,9.4,9.4,9.0,7.8,8.200000000000001,7.8,7.3999999999999995,7.3999999999999995,7.3999999999999995,7.0,7.0,7.0,7.0,7.0,6.4,25391,
7.2,7.2,7.2,7.2,7.6,7.6,7.6,7.6,7.6,7.6,8.0,7.6,8.0,8.0,8.0,9.2,8.4,9.2,9.2,9.6,9.2,8.8,9.2,9.2,8.4,8.4,8.0,7.6,8.0,7.6,8.0,8.0,8.0,8.0,8.4,8.4,8.8,8.8,9.6,9.6,9.6,8.4,8.8,8.0,7.6,7.6,7.6,7.6,7.2,7.2,7.2,7.2,6.800000000000001,26141,
7.0,7.0,6.6000000000000005,5.4,6.6000000000000005,4.6000000000000005,7.0,7.0,6.6000000000000005,6.2,7.0,7.0,7.0,7.0,5.8,5.8,7.0,7.3999999999999995,6.2,7.0,7.8,7.8,7.8,7.0,8.200000000000001,9.0,9.0,8.600000000000001,8.600000000000001,9.0,8.600000000000001,8.200000000000001,9.0,9.0,9.0,8.600000000000001,6.2,7.8,7.8,7.8,7.3999999999999995,5.4,7.3999999999999995,6.6000000000000005,5.481818181818182,6.6000000000000005,7.66699604743083,7.666996047430829,7.666996047430829,5.26699604743083,6.0669960474308295,7.0,7.254169200364852,2630X,
7.0,7.2,7.0,7.0,7.0,7.0,7.0,7.6,7.3999999999999995,7.3999999999999995,7.3999999999999995,7.3999999999999995,7.3999999999999995,7.3999999999999995,7.8,7.8,7.8,8.200000000000001,8.200000000000001,8.600000000000001,9.2,9.4,9.0,9.0,9.0,9.0,8.8,8.600000000000001,8.8,8.200000000000001,8.200000000000001,8.600000000000001,8.600000000000001,8.600000000000001,9.0,9.0,9.4,9.4,9.0,9.0,9.0,7.8,7.8,7.6,7.3999999999999995,7.6,7.0,7.0,7.0,7.0,6.6000000000000005,7.0,7.984615384615385,26611,
6.2,7.0,7.2,7.2,6.2,5.8,7.2,7.3999999999999995,7.0,7.3999999999999995,7.6,7.3999999999999995,7.3999999999999995,7.8,7.4,7.8,7.8,8.200000000000001,7.4,9.0,9.0,9.4,9.0,9.0,8.4,9.4,8.4,8.8,8.600000000000001,8.200000000000001,8.8,8.4,9.0,7.8,8.8,8.8,8.600000000000001,9.2,10.0,9.6,8.0,7.6000000000000005,9.2,8.0,7.0,7.6,7.0,7.2,7.6,7.2,7.2,7.6,6.2,2661B,
7.2,7.2,7.2,7.0,7.0,7.0,7.2,7.6,7.3999999999999995,7.3999999999999995,7.3999999999999995,7.3999999999999995,7.3999999999999995,7.3999999999999995,7.6,8.0,7.3999999999999995,8.0,7.8,8.600000000000001,9.2,9.2,9.0,7.8,9.6,9.2,9.6,9.6,9.2,8.8,8.8,9.0,9.2,8.8,8.8,9.6,9.6,9.6,9.6,9.6,9.2,8.0,8.0,7.6,7.3999999999999995,7.6,7.2,7.2,7.2,7.0,6.800000000000001,7.2,8.007692307692308,2737E,
7.2,7.2,7.2,7.2,7.3999999999999995,7.6,7.6,7.6,7.3999999999999995,7.3999999999999995,8.0,7.3999999999999995,7.8,7.8,8.0,8.8,8.4,9.2,9.2,9.2,9.6,9.2,9.6,9.6,8.4,8.4,8.4,8.0,8.4,8.0,8.0,8.4,8.4,8.4,8.4,8.8,9.2,9.2,10.0,9.6,9.6,8.4,8.4,8.0,7.6,7.6,7.6,7.6,7.2,7.2,7.2,7.2,7.0,2755X,
6.0,7.2,7.2,7.2,5.8,7.3999999999999995,7.6,7.6,6.2,7.0,8.0,7.3999999999999995,7.8,7.0,7.000000000000001,7.6000000000000005,7.8,8.600000000000001,7.8,9.2,9.6,9.6,9.6,9.6,8.8,8.8,8.4,8.0,8.4,8.0,8.0,8.4,8.4,8.4,8.4,8.8,9.2,9.6,9.6,9.6,9.2,7.200000000000001,8.0,7.6000000000000005,7.0,7.6,7.2,7.2,7.2,7.0,6.0,7.6,5.8,2775X,
7.6,7.6,7.6,7.2,7.6,6.0,7.6,7.6,7.6,7.6,7.6,7.6,7.6,7.6,8.0,6.800000000000001,7.6,7.200000000000001,7.2,8.0,8.4,9.2,9.2,9.2,9.2,9.2,9.2,9.6,9.6,9.6,9.6,9.6,9.6,9.2,9.2,9.6,8.4,9.2,9.2,9.2,8.8,7.6000000000000005,8.0,7.2,7.6,7.6,7.2,7.2,7.6,7.6,7.6,8.0,7.2,2811A,
7.0,7.0,7.0,7.0,7.0,7.3999999999999995,7.3999999999999995,7.3999999999999995,7.3999999999999995,7.3999999999999995,7.8,7.3999999999999995,7.8,7.8,7.8,8.600000000000001,7.8,9.0,9.0,9.0,9.4,9.0,9.4,9.4,8.200000000000001,8.200000000000001,8.200000000000001,8.0,7.8,7.8,8.0,7.8,8.4,8.0,8.4,8.4,9.0,8.8,9.6,9.6,9.4,8.200000000000001,8.8,8.0,7.3999999999999995,7.3999999999999995,7.3999999999999995,7.3999999999999995,7.3999999999999995,7.0,7.0,7.2,6.800000000000001,28671,
7.6,7.2,7.6,7.2,7.6,7.6,7.6,7.6,7.6,7.3999999999999995,8.0,7.6,8.0,8.0,8.0,9.2,8.4,9.2,9.2,9.2,9.6,9.2,9.6,9.2,8.4,8.4,8.4,8.0,8.0,8.4,8.8,8.8,8.8,8.8,8.8,9.2,9.2,9.6,9.6,9.6,9.6,8.4,9.2,8.0,7.6,7.6,7.6,7.6,7.6,7.6,7.6,7.6,7.0,28701,
7.0,7.0,7.0,7.0,7.0,7.3999999999999995,7.3999999999999995,7.3999999999999995,7.0,7.3999999999999995,7.8,7.3999999999999995,7.8,7.8,7.4,7.8,8.200000000000001,9.0,9.0,9.0,9.4,9.0,9.4,9.0,8.200000000000001,8.200000000000001,7.8,7.3999999999999995,8.200000000000001,7.3999999999999995,7.8,7.8,7.8,7.3999999999999995,7.8,8.200000000000001,8.600000000000001,8.600000000000001,9.0,9.0,9.4,8.200000000000001,8.600000000000001,7.8,7.0,7.3999999999999995,7.3999999999999995,7.3999999999999995,7.3999999999999995,7.0,6.6000000000000005,7.3999999999999995,5.8,2916A,
7.6,7.2,7.6,7.0,7.3999999999999995,7.3999999999999995,7.6,7.6,7.3999999999999995,7.3999999999999995,7.8,7.3999999999999995,7.8,7.8,7.4,8.600000000000001,8.200000000000001,9.0,9.0,9.0,9.6,9.2,9.4,9.0,8.200000000000001,8.200000000000001,7.8,7.3999999999999995,8.200000000000001,7.3999999999999995,7.8,7.8,8.200000000000001,8.0,8.0,8.4,8.600000000000001,8.8,9.2,9.2,9.4,7.8,8.8,7.6000000000000005,7.0,8.0,7.6,7.6,7.6,7.0,7.6,7.6,7.0,2946X,
7.6,7.2,7.2,7.2,7.2,7.2,7.6,7.6,7.6,7.3999999999999995,8.0,7.6,7.6,7.6,8.0,8.4,8.0,8.8,9.2,9.2,9.6,8.4,9.6,9.6,8.8,8.4,8.4,8.4,8.4,8.0,7.6,8.4,8.4,8.4,8.8,8.8,9.6,9.6,9.6,9.6,9.2,8.0,8.8,8.0,7.6,7.6,7.6,7.2,7.6,7.2,7.2,7.6,8.023076923076923,30131,
7.6,7.2,7.2,7.6,7.2,6.4,8.0,8.0,8.0,7.2,8.0,7.2,8.0,6.800000000000001,7.6000000000000005,8.4,8.0,9.2,9.6,8.8,9.2,8.0,9.2,8.8,8.4,8.0,8.0,7.6,8.0,7.6,7.6,7.6,8.0,8.0,8.4,8.4,9.2,8.8,9.6,9.2,9.6,8.0,9.2,8.0,7.6,8.0,7.6,7.6,7.6,6.800000000000001,7.2,7.6,6.0,3044X,
7.3999999999999995,7.2,7.6,7.3999999999999995,7.3999999999999995,7.3999999999999995,7.3999999999999995,8.0,7.8,7.8,8.200000000000001,7.3999999999999995,7.8,7.8,8.200000000000001,8.200000000000001,8.600000000000001,9.0,9.0,9.4,8.600000000000001,8.600000000000001,8.600000000000001,8.600000000000001,7.3999999999999995,7.3999999999999995,7.3999999999999995,7.0,7.0,6.6000000000000005,6.6,7.3999999999999995,7.3999999999999995,7.3999999999999995,7.8,8.0,8.600000000000001,8.8,8.8,8.8,9.6,8.8,9.2,8.4,7.8,8.0,8.0,7.3999999999999995,7.6,7.0,7.6,7.6,7.0,3094B,
7.6,7.6,7.6,7.6,7.6,7.6,7.6,8.0,8.0,8.0,8.8,8.0,8.4,8.4,8.8,9.2,9.2,9.6,9.6,9.6,8.8,8.4,8.4,8.4,7.6,7.6,7.6,7.2,7.2,6.800000000000001,6.8,7.6,7.6,7.6,7.6,8.0,8.8,8.8,8.8,8.8,9.2,9.2,9.2,8.8,8.0,8.0,7.6,7.6,7.6,7.6,7.6,7.6,7.6,3100B,
7.6,7.2,7.2,7.2,7.6,7.2,7.6,7.6,7.6,7.3999999999999995,8.0,7.6,7.6,7.6,8.0,8.0,8.0,8.0,8.0,8.8,9.2,8.8,9.6,9.6,8.4,9.6,9.2,8.8,8.8,8.4,8.4,8.8,8.8,8.4,8.8,9.2,9.6,8.4,9.2,9.2,9.2,7.6000000000000005,8.0,7.6,7.6,7.6,7.2,7.6,7.6,7.6,7.6,7.6,8.038461538461538,3110C,
6.800000000000001,6.4,7.2,7.2,6.800000000000001,4.800000000000001,7.2,7.2,6.800000000000001,6.4,7.6,6.872727272727273,7.2,6.4,5.6,6.800000000000001,6.800000000000001,8.0,7.200000000000001,7.6000000000000005,8.8,8.8,8.8,9.2,9.6,9.6,9.6,8.8,9.2,8.8,8.8,9.2,9.2,9.2,9.6,9.2,6.800000000000001,6.800000000000001,8.8,9.2,8.0,5.2,6.800000000000001,6.0,6.0,4.4,5.6,7.337717601547389,6.800000000000001,8.118580507638258,7.2,7.2,4.88325048811371,3111D,
7.3999999999999995,7.6,7.6,7.3999999999999995,7.3999999999999995,7.3999999999999995,7.6,8.0,7.8,7.8,8.200000000000001,7.8,7.8,7.8,8.200000000000001,8.600000000000001,9.0,9.0,9.4,9.4,8.600000000000001,8.600000000000001,8.600000000000001,8.600000000000001,7.3999999999999995,7.3999999999999995,7.3999999999999995,7.0,7.0,7.0,6.6000000000000005,7.3999999999999995,7.3999999999999995,7.3999999999999995,8.0,8.0,8.600000000000001,8.8,8.600000000000001,9.2,9.6,8.600000000000001,9.2,7.8,7.3999999999999995,8.0,7.6,7.6,7.6,7.3999999999999995,7.6,7.6,7.0,31291,
7.6,7.2,7.2,7.2,7.2,7.2,7.6,7.6,7.6,7.6,8.0,7.6,7.6,7.6,7.6000000000000005,7.6000000000000005,7.200000000000001,8.4,8.8,8.8,9.2,9.6,9.6,9.6,8.8,8.4,8.4,8.4,8.4,8.0,8.0,8.4,8.4,8.4,8.4,8.8,9.6,9.6,9.6,9.6,9.2,8.0,8.4,8.0,7.6,7.6,7.6,7.2,7.6,7.2,7.2,7.6,8.176923076923078,3130C,
7.6,7.2,7.6,7.6,7.3999999999999995,7.6,7.6,8.0,7.8,7.8,8.0,7.6,7.8,7.8,7.8,8.8,8.600000000000001,9.2,9.0,9.6,9.2,8.8,8.600000000000001,8.8,8.0,7.8,8.0,7.3999999999999995,7.6,7.6,6.800000000000001,7.6,8.0,7.6,8.0,8.4,8.8,8.8,9.2,9.2,9.6,8.0,9.2,8.0,7.6,8.0,7.6,7.6,7.6,7.6,7.6,7.6,7.2,3168D,
7.3999999999999995,7.6,7.3999999999999995,7.3999999999999995,7.3999999999999995,7.3999999999999995,7.6,8.0,7.8,7.8,8.200000000000001,7.3999999999999995,7.8,7.8,8.200000000000001,8.600000000000001,9.0,9.0,9.4,9.4,8.600000000000001,8.600000000000001,8.600000000000001,8.600000000000001,7.3999999999999995,7.3999999999999995,7.3999999999999995,7.0,7.0,6.6000000000000005,6.2,7.3999999999999995,7.3999999999999995,7.3999999999999995,8.0,8.0,8.600000000000001,8.8,8.8,8.600000000000001,9.6,8.8,9.2,8.200000000000001,7.8,8.0,7.6,7.6,7.6,7.3999999999999995,7.6,7.6,7.0,31751,
7.2,7.2,7.2,7.0,7.0,7.0,7.2,7.6,7.0,7.3999999999999995,7.3999999999999995,7.3999999999999995,7.3999999999999995,7.0,7.4,7.4,7.8,8.4,8.200000000000001,9.2,9.6,9.6,9.4,9.4,8.4,8.200000000000001,8.4,8.0,7.8,7.8,7.3999999999999995,8.200000000000001,8.4,8.4,8.8,8.8,9.4,9.6,9.6,9.6,9.2,7.6000000000000005,7.6000000000000005,8.0,7.3999999999999995,7.6,7.2,7.2,7.2,7.0,7.2,7.6,7.0,3191E,
7.6,7.6,7.6,7.6,7.6,7.6,8.0,8.0,8.0,8.0,8.4,7.6,8.0,8.0,8.4,8.4,8.8,9.2,9.2,9.6,9.2,9.2,8.8,8.8,8.0,8.4,8.0,7.2,7.2,6.800000000000001,7.6,8.0,8.0,8.0,8.4,8.4,9.2,8.8,9.2,9.2,9.6,8.4,9.2,8.4,8.0,8.0,7.6,7.6,7.6,7.6,7.6,7.6,7.2,3194U,
7.2,7.2,7.2,7.6,7.6,7.6,7.6,7.6,8.0,8.0,8.0,7.6,8.0,8.0,8.0,8.4,8.8,9.2,9.2,9.6,9.2,8.8,8.8,8.8,8.0,8.0,8.0,7.6,7.6,7.2,7.6,7.6,8.0,7.6,8.0,8.4,9.2,8.8,9.6,9.6,9.2,8.0,8.4,8.0,7.6,7.6,7.6,7.6,7.6,7.2,7.6,7.6,7.2,31951,
7.3999999999999995,7.6,7.6,7.6,7.3999999999999995,7.3999999999999995,7.6,8.0,7.8,7.8,8.200000000000001,7.3999999999999995,7.8,7.8,8.200000000000001,8.600000000000001,9.0,9.0,9.0,9.6,8.600000000000001,8.600000000000001,8.600000000000001,8.600000000000001,7.8,7.3999999999999995,7.3999999999999995,7.3999999999999995,7.3999999999999995,7.0,6.6000000000000005,7.3999999999999995,7.3999999999999995,7.6,8.0,8.4,8.8,8.8,8.8,9.2,9.6,8.4,9.2,8.0,7.3999999999999995,8.0,7.6,7.6,7.6,7.3999999999999995,7.6,7.6,7.0,31961,
7.3999999999999995,7.6,7.6,7.3999999999999995,7.3999999999999995,7.3999999999999995,7.6,8.0,7.8,7.8,8.200000000000001,7.3999999999999995,7.8,7.8,8.200000000000001,9.0,8.600000000000001,9.0,9.0,9.4,8.600000000000001,8.600000000000001,8.600000000000001,8.600000000000001,7.8,7.3999999999999995,7.3999999999999995,7.3999999999999995,7.3999999999999995,7.0,6.6000000000000005,7.3999999999999995,7.3999999999999995,7.3999999999999995,8.0,8.0,8.600000000000001,8.8,8.600000000000001,9.2,9.6,8.8,9.2,8.200000000000001,7.3999999999999995,8.0,7.6,7.3999999999999995,7.6,7.3999999999999995,7.6,7.6,7.0,32001,
7.6,7.6,7.6,7.3999999999999995,7.3999999999999995,7.3999999999999995,7.3999999999999995,7.8,7.8,7.8,8.600000000000001,7.8,8.200000000000001,8.200000000000001,8.600000000000001,9.0,9.0,9.4,9.4,9.4,8.200000000000001,8.200000000000001,8.200000000000001,8.200000000000001,7.3999999999999995,7.3999999999999995,7.3999999999999995,6.6000000000000005,6.6000000000000005,6.2,6.2,7.0,7.3999999999999995,7.0,7.3999999999999995,7.8,8.200000000000001,8.4,8.8,8.8,9.2,9.2,9.2,8.8,7.8,8.0,7.6,7.3999999999999995,7.6,7.3999999999999995,7.6,7.6,7.3999999999999995,3260B,
6.6000000000000005,7.0,7.0,7.0,6.800000000000001,7.0,7.0,7.0,6.6000000000000005,6.800000000000001,7.0,6.6000000000000005,7.0,6.2,5.4,5.0,7.3999999999999995,7.3999999999999995,7.3999999999999995,7.4,7.8,7.8,8.600000000000001,8.600000000000001,9.4,9.4,9.4,9.0,9.0,8.600000000000001,8.600000000000001,9.0,9.4,9.0,9.4,9.4,8.600000000000001,7.4,8.600000000000001,8.200000000000001,7.8,5.8,6.2,6.2,7.736363636363636,6.2,5.91600790513834,7.51600790513834,7.916007905138341,7.716007905138341,7.51600790513834,7.0,7.498392368501065,3266A,
6.800000000000001,7.6,7.6,7.6,7.2,7.3999999999999995,7.6,8.0,6.2,7.4,7.4,7.3999999999999995,7.8,6.6000000000000005,6.6000000000000005,8.0,8.200000000000001,8.4,8.4,9.2,9.6,9.6,9.6,9.2,8.4,8.4,8.4,8.4,8.0,8.0,8.0,8.0,8.0,8.0,8.0,8.4,9.2,8.8,9.6,9.6,9.2,7.6000000000000005,8.8,7.6000000000000005,7.6,7.6,7.2,7.6,7.6,7.2,5.6,7.6,6.2,3298X,
8.0,7.6,7.6,7.6,7.6,7.6,8.0,8.0,7.6000000000000005,7.6,8.0,7.6,8.0,7.6000000000000005,8.0,8.4,8.4,9.2,9.2,9.2,8.8,9.6,9.6,8.8,8.4,8.8,7.6000000000000005,7.6,8.0,7.6,7.6,8.4,8.0,8.0,8.4,8.8,8.8,9.2,9.6,9.6,10.0,8.4,8.0,8.0,7.6,7.6,7.6,7.6,7.6,7.6,7.2,7.6,7.6,33381,
7.3999999999999995,7.6,7.6,7.6,7.6,7.3999999999999995,7.6,8.0,7.6000000000000005,7.8,8.8,8.0,8.4,8.4,9.2,9.2,9.2,9.6,9.6,9.6,8.8,8.0,8.200000000000001,8.200000000000001,7.6,7.6,7.6,6.800000000000001,6.4,6.4,6.0,7.2,7.2,7.2,7.6,7.6,8.4,8.4,8.4,8.8,8.8,9.2,8.8,8.8,7.8,8.0,7.6,7.6,7.6,7.3999999999999995,7.2,7.6,7.3999999999999995,3365A,
6.800000000000001,7.6,7.6,7.6,7.6,7.6,8.0,8.0,6.800000000000001,8.0,8.4,7.6,8.4,8.4,8.0,9.2,9.2,9.6,9.2,9.2,9.6,8.8,8.4,8.4,8.0,8.0,7.2,7.2,7.2,6.800000000000001,6.8,7.2,7.6,6.800000000000001,8.0,8.0,8.4,8.0,8.8,8.8,9.2,8.8,9.6,6.800000000000001,6.800000000000001,8.0,8.0,7.2,7.6,7.6,7.6,7.6,7.2,33911,
7.6,7.6,7.6,7.6,7.3999999999999995,7.3999999999999995,8.0,8.0,6.6000000000000005,7.4,8.8,7.8,8.600000000000001,8.8,8.8,9.0,9.2,9.6,9.2,9.2,8.8,8.8,8.200000000000001,7.8,7.6,7.6,7.6,6.4,6.8,6.4,6.4,6.800000000000001,7.2,6.800000000000001,7.2,7.6,8.0,8.4,8.4,8.4,8.8,8.4,8.8,8.8,7.6000000000000005,8.0,7.200000000000001,7.6,7.6,7.6,6.800000000000001,7.6,7.3999999999999995,3434X,
7.6,7.6,7.6,7.6,7.3999999999999995,7.3999999999999995,7.6,8.0,6.800000000000001,7.8,8.0,7.8,8.200000000000001,8.200000000000001,8.600000000000001,9.2,9.0,9.2,9.0,9.6,9.6,8.8,8.600000000000001,8.4,8.4,8.4,8.4,8.0,8.4,8.0,7.6,7.6,8.0,7.6,7.6,8.0,8.8,8.4,9.2,9.2,9.6,8.8,9.6,7.6000000000000005,8.0,8.0,7.6,8.0,8.0,7.6,8.0,7.6,9.0,3463X,
7.6,7.6,7.6,7.3999999999999995,7.3999999999999995,7.3999999999999995,7.6,8.0,7.000000000000001,7.4,8.200000000000001,7.8,8.200000000000001,7.8,7.8,8.600000000000001,9.0,9.2,8.600000000000001,9.4,9.2,8.8,8.600000000000001,8.200000000000001,8.0,7.8,7.6,7.2,7.0,7.0,7.2,7.6,8.0,7.2,7.6,7.6,8.200000000000001,8.4,8.8,8.8,9.2,8.8,9.2,8.8,7.8,8.0,7.6000000000000005,7.2,7.6,7.3999999999999995,7.0,7.6,7.3999999999999995,3469A,
7.6,7.6,7.6,7.6,7.6,7.6,8.0,8.0,7.200000000000001,8.0,9.2,8.0,8.8,8.4,9.2,8.4,9.2,9.6,9.6,9.6,8.8,8.4,8.8,8.4,7.6,7.6,7.6,6.800000000000001,6.800000000000001,6.800000000000001,7.2,7.2,7.2,6.800000000000001,7.6,7.6,8.4,8.4,8.4,8.4,8.8,8.8,8.8,8.4,7.6000000000000005,8.0,6.800000000000001,7.2,7.6,7.6,7.2,8.0,7.2,3519X,
7.6,7.6,7.6,7.3999999999999995,7.3999999999999995,7.3999999999999995,8.0,8.0,7.4,7.8,8.600000000000001,7.4,8.600000000000001,8.200000000000001,9.2,8.600000000000001,9.0,9.6,9.4,9.4,8.8,8.200000000000001,8.600000000000001,8.200000000000001,7.6,7.3999999999999995,7.6,6.800000000000001,7.0,6.800000000000001,6.4,7.0,7.0,6.800000000000001,7.6,7.6,7.8,8.4,8.4,8.4,8.8,8.8,9.2,8.8,7.8,8.0,7.200000000000001,7.0,8.0,7.6,6.6000000000000005,7.6,7.6,3526X,
7.3999999999999995,7.6,7.6,7.3999999999999995,7.3999999999999995,7.3999999999999995,7.3999999999999995,7.8,7.4,7.8,7.8,7.4,8.200000000000001,7.8,8.200000000000001,9.0,9.0,9.0,9.0,9.4,9.4,8.600000000000001,9.0,8.600000000000001,7.8,8.200000000000001,7.8,8.0,7.8,7.3999999999999995,7.0,7.3999999999999995,7.8,7.6,7.6,8.0,8.200000000000001,8.8,8.8,8.8,9.6,9.2,8.4,8.200000000000001,7.4,8.0,8.0,7.3999999999999995,7.6,7.3999999999999995,7.0,7.6,7.3999999999999995,3576X,
7.6,7.2,7.6,7.6,7.6,7.6,7.6,8.0,8.0,8.0,8.0,7.6,8.0,8.0,8.4,8.4,8.8,9.2,9.6,9.6,8.8,8.8,9.6,9.6,8.4,8.4,8.8,9.2,9.2,8.8,8.4,8.8,8.8,8.8,9.2,9.2,9.6,9.6,9.6,9.6,9.6,8.8,9.2,8.8,8.0,8.0,8.0,8.0,8.0,7.6,8.0,7.6,8.0,4061X,
7.0,7.0,7.3999999999999995,7.3999999999999995,7.3999999999999995,7.3999999999999995,7.3999999999999995,7.3999999999999995,7.8,7.8,7.8,7.3999999999999995,7.8,7.8,8.200000000000001,8.600000000000001,8.600000000000001,9.0,9.0,9.4,8.600000000000001,8.600000000000001,8.600000000000001,8.200000000000001,7.8,7.8,7.8,7.0,7.3999999999999995,6.6000000000000005,6.2,7.3999999999999995,7.3999999999999995,7.3999999999999995,8.0,8.4,9.0,9.2,9.2,8.8,9.6,8.600000000000001,9.2,8.4,7.3999999999999995,7.8,7.3999999999999995,7.3999999999999995,7.6,7.3999999999999995,7.0,7.6,7.0,40671,
7.0,7.0,7.3999999999999995,7.3999999999999995,7.3999999999999995,7.3999999999999995,7.3999999999999995,7.8,7.8,7.8,8.200000000000001,7.3999999999999995,7.8,7.8,8.200000000000001,7.4,8.600000000000001,9.0,9.4,9.0,9.0,8.600000000000001,8.600000000000001,9.0,7.8,7.8,7.3999999999999995,7.3999999999999995,7.3999999999999995,7.0,6.6000000000000005,7.3999999999999995,7.3999999999999995,7.3999999999999995,7.8,8.200000000000001,8.600000000000001,8.600000000000001,9.4,9.4,9.4,8.600000000000001,9.0,7.8,7.3999999999999995,7.3999999999999995,7.3999999999999995,7.3999999999999995,7.3999999999999995,7.0,7.3999999999999995,7.3999999999999995,6.800000000000001,4090Y,
7.2,7.2,7.6,7.6,7.3999999999999995,7.3999999999999995,7.3999999999999995,7.8,8.0,7.8,8.4,7.3999999999999995,7.8,7.8,8.600000000000001,8.200000000000001,8.600000000000001,9.6,9.4,9.4,8.600000000000001,8.600000000000001,8.200000000000001,8.200000000000001,7.3999999999999995,7.3999999999999995,7.2,7.0,6.6000000000000005,6.800000000000001,6.4,7.3999999999999995,7.0,7.2,7.6,8.0,8.600000000000001,8.4,9.0,8.8,9.2,9.2,9.2,8.8,7.8,8.0,7.6,7.6,7.6,7.3999999999999995,7.6,7.6,6.6000000000000005,4103X,
7.2,7.6,7.6,7.6,7.6,7.6,7.6,8.0,8.0,8.0,8.4,8.0,8.4,8.0,8.8,9.2,9.2,9.6,9.6,9.6,8.8,8.4,8.8,8.4,7.6,7.6,7.6,6.800000000000001,7.2,6.800000000000001,6.8,7.2,7.6,7.6,7.6,8.0,8.8,8.8,8.8,8.8,9.6,8.8,9.2,8.4,8.0,8.0,7.6,7.6,7.6,7.6,7.6,7.2,7.6,41211,
7.2,7.6,7.6,7.6,7.6,7.6,7.6,8.0,8.0,8.0,8.4,7.6,8.0,8.0,8.4,9.2,8.8,9.2,9.2,9.6,8.8,8.8,8.8,8.8,8.0,7.6,7.6,7.2,7.2,6.800000000000001,6.4,7.6,7.6,7.6,7.6,8.0,8.8,8.8,8.8,8.8,9.6,9.2,9.2,8.8,8.0,8.0,7.6,7.6,7.6,7.6,7.6,7.6,7.2,4147X,
7.6,7.2,7.2,7.2,7.3999999999999995,7.3999999999999995,7.6,7.6,7.3999999999999995,7.3999999999999995,7.8,7.3999999999999995,7.8,7.8,7.8,8.8,8.200000000000001,9.2,9.0,9.0,9.6,8.8,8.600000000000001,8.600000000000001,7.8,8.200000000000001,8.200000000000001,8.200000000000001,8.200000000000001,8.200000000000001,9.2,9.6,9.6,9.0,9.6,9.6,9.6,9.6,9.6,9.6,9.2,8.8,9.2,8.4,7.3999999999999995,8.0,7.6,7.6,7.6,7.3999999999999995,7.6,7.6,7.0,41481,
8.0,7.6,8.0,7.6,7.6,7.6,8.0,8.0,7.200000000000001,8.0,8.8,8.0,8.4,8.0,8.8,9.2,9.2,9.6,9.6,9.6,8.8,8.8,8.8,8.8,8.8,8.8,8.8,9.6,9.6,8.0,8.0,8.4,8.0,7.6,7.6,8.0,8.4,9.2,8.8,8.8,8.8,9.2,9.2,9.2,8.4,8.4,8.4,8.0,8.0,7.6,8.0,7.6,7.2,4220X,
7.6,7.6,7.6,7.6,7.3999999999999995,7.6,8.0,8.4,6.800000000000001,7.6000000000000005,8.8,8.0,8.8,8.4,8.4,9.2,9.2,9.6,9.2,9.6,8.8,8.4,8.200000000000001,8.4,7.6,7.3999999999999995,8.0,7.2,7.2,6.800000000000001,6.4,7.6,7.6,6.800000000000001,7.6,7.6,8.4,8.4,8.4,8.4,8.8,8.8,9.6,9.2,8.0,8.0,7.6000000000000005,7.6,8.0,7.3999999999999995,7.2,7.6,6.4,4244X,
7.6,7.6,7.6,7.6,7.3999999999999995,7.3999999999999995,8.0,8.0,6.6000000000000005,7.8,8.200000000000001,7.8,8.200000000000001,7.8,8.600000000000001,9.0,9.0,9.6,9.4,9.4,8.8,8.200000000000001,8.600000000000001,8.200000000000001,7.3999999999999995,7.3999999999999995,7.6,7.3999999999999995,7.3999999999999995,7.0,6.8,7.6,7.3999999999999995,7.6,7.6,8.0,8.600000000000001,8.4,8.8,8.8,9.2,8.4,9.2,8.8,7.8,8.0,8.0,7.6,7.6,7.3999999999999995,7.3999999999999995,7.6,7.3999999999999995,4267X,
7.6,7.6,7.6,7.6,8.0,8.0,8.0,8.4,8.4,8.200000000000001,9.2,8.0,9.2,9.2,8.8,9.6,9.2,9.6,9.6,8.8,8.4,8.4,8.4,8.4,7.6,7.6,7.6,6.800000000000001,7.2,7.6,6.8,6.800000000000001,7.2,6.800000000000001,7.2,7.6,8.0,8.0,8.4,8.4,8.8,9.6,9.6,9.2,8.4,8.4,8.0,8.0,8.0,7.6,7.6,8.0,7.6,4358X,
7.3999999999999995,7.3999999999999995,7.3999999999999995,7.3999999999999995,7.3999999999999995,7.3999999999999995,7.3999999999999995,7.8,7.4,7.8,7.8,7.3999999999999995,7.8,7.8,8.200000000000001,8.600000000000001,8.600000000000001,9.0,8.600000000000001,9.4,9.0,8.600000000000001,8.600000000000001,8.200000000000001,7.8,7.8,7.3999999999999995,7.3999999999999995,7.3999999999999995,7.0,7.3999999999999995,7.8,7.8,7.0,7.3999999999999995,7.8,8.200000000000001,8.600000000000001,8.600000000000001,8.600000000000001,9.0,8.600000000000001,9.0,8.600000000000001,7.8,7.8,7.8,7.3999999999999995,7.3999999999999995,7.3999999999999995,7.3999999999999995,7.3999999999999995,7.0,4386B,
8.0,8.0,8.0,8.0,8.0,8.0,8.0,8.4,8.4,8.600000000000001,9.2,8.200000000000001,9.2,9.2,9.2,9.6,9.6,9.6,9.6,8.8,8.4,8.4,8.200000000000001,8.4,7.6,8.0,8.0,6.4,7.2,6.800000000000001,6.8,7.2,7.2,6.4,6.800000000000001,7.6,8.0,8.0,8.0,8.4,8.4,9.6,9.6,9.2,8.8,8.8,8.4,8.0,8.0,8.0,8.0,8.0,7.2,4410X,
7.6,7.6,8.0,7.6,7.8,7.8,8.0,8.4,8.200000000000001,8.600000000000001,9.0,8.200000000000001,9.0,9.0,9.0,9.4,9.4,9.6,9.4,8.600000000000001,8.600000000000001,8.200000000000001,8.200000000000001,7.8,7.3999999999999995,7.3999999999999995,7.3999999999999995,6.800000000000001,7.0,6.6000000000000005,6.6,7.3999999999999995,7.3999999999999995,6.800000000000001,7.2,8.0,7.8,8.4,8.4,8.4,8.8,9.6,9.6,9.2,8.4,8.8,8.0,8.0,8.0,7.6,8.0,8.0,7.3999999999999995,44521,
7.3999999999999995,7.3999999999999995,7.3999999999999995,7.3999999999999995,7.3999999999999995,7.8,7.8,8.200000000000001,7.4,7.8,8.200000000000001,7.8,8.600000000000001,7.8,8.600000000000001,9.0,9.0,9.4,8.600000000000001,9.4,8.600000000000001,8.200000000000001,8.600000000000001,8.600000000000001,7.8,7.8,7.8,7.0,7.3999999999999995,7.0,6.6,7.3999999999999995,7.3999999999999995,6.6000000000000005,7.0,7.3999999999999995,7.8,8.200000000000001,8.200000000000001,8.200000000000001,8.600000000000001,9.0,9.4,9.0,7.8,8.200000000000001,7.8,7.8,7.8,7.3999999999999995,7.8,7.8,7.3999999999999995,4511C,
8.0,8.0,8.0,8.0,8.0,8.0,8.4,8.8,8.200000000000001,9.0,8.8,8.4,9.2,9.0,9.2,9.2,9.2,9.6,9.4,9.6,9.6,8.600000000000001,8.600000000000001,8.600000000000001,8.600000000000001,8.600000000000001,8.600000000000001,8.600000000000001,8.600000000000001,8.600000000000001,7.8,8.4,8.600000000000001,8.0,8.4,8.4,8.4,8.8,8.4,8.8,9.2,9.6,9.6,9.2,9.2,9.2,8.4,7.6000000000000005,8.8,8.4,7.6000000000000005,8.4,8.0,4549Y,
7.6,7.3999999999999995,7.3999999999999995,7.3999999999999995,7.3999999999999995,6.6000000000000005,8.0,7.8,5.0,7.000000000000001,7.4,7.000000000000001,8.200000000000001,6.6000000000000005,7.4,8.200000000000001,8.4,8.4,7.0,9.4,9.6,8.600000000000001,9.0,8.600000000000001,7.8,8.0,8.0,8.0,8.0,7.3999999999999995,7.0,7.8,7.8,7.2,7.6,8.0,8.200000000000001,8.8,8.4,8.4,9.2,7.6,8.8,8.8,7.4,7.6000000000000005,7.200000000000001,6.0,7.8,7.0,5.0,8.0,6.6000000000000005,4560Y,
8.0,8.0,8.0,8.0,7.8,7.4,8.4,8.8,7.4,9.0,9.0,7.8,9.0,9.0,9.0,9.0,7.8,9.4,9.4,9.0,8.600000000000001,8.200000000000001,8.600000000000001,8.600000000000001,8.200000000000001,8.200000000000001,8.200000000000001,8.200000000000001,7.8,7.3999999999999995,7.0,7.8,7.3999999999999995,7.3999999999999995,7.3999999999999995,7.8,7.8,8.200000000000001,8.200000000000001,8.200000000000001,8.600000000000001,9.0,9.6,9.2,8.600000000000001,9.2,8.4,6.0,8.8,8.0,7.6000000000000005,8.4,7.8,4642E,
7.8,7.8,8.0,8.0,7.8,7.8,7.8,7.8,7.8,7.8,8.200000000000001,7.8,8.200000000000001,7.4,8.200000000000001,8.600000000000001,6.2,9.0,9.6,9.0,9.4,9.4,9.4,9.4,9.0,8.8,8.8,9.0,8.600000000000001,8.8,8.8,8.600000000000001,8.200000000000001,8.600000000000001,8.600000000000001,8.600000000000001,9.2,9.6,9.4,9.4,9.6,8.8,9.2,8.600000000000001,8.8,8.600000000000001,5.8,7.200000000000001,7.4,6.2,7.8,7.8,7.000000000000001,5000C,
8.0,8.0,8.4,8.4,8.8,7.200000000000001,8.0,8.0,8.0,8.0,8.4,8.0,9.2,8.4,9.2,8.8,9.2,9.2,8.8,9.2,9.2,9.2,9.2,9.2,9.2,9.2,9.2,9.2,9.2,9.2,9.2,9.2,9.2,9.2,9.2,9.2,9.2,9.2,9.2,9.2,8.4,9.2,9.2,9.2,9.2,9.6,9.2,9.2,9.2,9.2,9.2,9.2,8.0,5038X,
7.3999999999999995,7.6,7.3999999999999995,7.3999999999999995,7.3999999999999995,7.3999999999999995,7.3999999999999995,7.8,7.8,7.8,8.600000000000001,7.3999999999999995,8.200000000000001,8.200000000000001,9.0,9.0,9.0,9.4,9.4,9.4,8.600000000000001,8.600000000000001,7.8,8.200000000000001,7.3999999999999995,7.3999999999999995,7.0,7.0,7.0,6.2,6.6,7.3999999999999995,7.2,7.3999999999999995,7.3999999999999995,8.200000000000001,8.8,8.4,8.8,8.8,9.2,9.2,9.2,9.0,7.8,7.8,7.2,7.3999999999999995,7.6,7.3999999999999995,7.6,7.6,7.3999999999999995,5047E,
8.0,8.0,8.0,8.0,8.0,7.8,8.0,8.0,7.8,8.8,7.8,8.0,8.8,9.2,9.0,9.2,9.2,9.2,9.2,9.2,9.4,9.6,9.6,8.8,9.2,9.6,9.6,8.600000000000001,9.2,9.2,9.6,9.2,,7.3999999999999995,8.0,8.0,8.8,8.8,9.6,8.8,8.8,9.2,9.6,8.8,8.0,8.0,7.6000000000000005,7.6,7.6,6.4,7.6,8.0,9.0,5051X,
7.6,7.6,7.6,7.6,7.6,7.6,8.0,8.0,7.6000000000000005,7.6000000000000005,8.0,8.0,8.8,8.4,9.2,8.8,9.2,9.6,9.2,9.6,8.8,8.4,8.4,8.4,7.6,7.6,7.2,6.800000000000001,7.2,6.800000000000001,6.4,6.800000000000001,7.6,7.2,7.6,8.0,8.4,8.4,8.8,8.8,8.8,9.2,9.6,9.2,8.0,8.0,7.6000000000000005,8.0,8.0,8.0,8.0,8.0,7.6,5181D,
7.6,7.6,7.2,7.2,7.3999999999999995,7.3999999999999995,7.6,7.2,8.0,7.6,7.8,7.3999999999999995,7.8,7.000000000000001,8.8,7.4,7.8,9.6,8.4,9.8,9.0,8.600000000000001,8.600000000000001,8.200000000000001,7.6,8.200000000000001,7.8,7.6,7.3999999999999995,7.3999999999999995,7.2,7.6,7.6,7.3999999999999995,8.0,8.4,9.2,8.4,8.8,8.8,9.6,8.8,9.2,7.6,7.6,7.8,7.2,7.6,8.0,7.6,7.6,8.0,8.0,51921,
7.6,7.2,7.2,7.2,7.6,7.2,7.6,7.6,7.6,8.0,8.0,7.6,8.0,7.6000000000000005,8.4,9.2,8.8,9.2,9.2,9.6,8.8,8.4,8.4,8.4,7.6,7.2,6.800000000000001,6.4,6.800000000000001,6.8,6.0,6.800000000000001,7.2,7.2,7.6,8.0,8.4,8.4,9.2,9.2,9.6,9.2,8.8,7.6000000000000005,7.6,7.6,6.800000000000001,7.6,7.6,7.2,7.6,7.6,4.8,52461,
7.6,7.6,7.6,7.6,7.3999999999999995,7.6,8.0,7.8,7.000000000000001,7.8,7.8,7.8,8.200000000000001,7.8,8.8,9.0,9.0,9.6,9.6,9.6,8.8,8.600000000000001,8.600000000000001,8.600000000000001,7.3999999999999995,8.200000000000001,7.3999999999999995,7.3999999999999995,7.0,6.6000000000000005,6.8,7.0,7.3999999999999995,7.2,7.6,8.0,8.8,8.8,8.8,8.8,9.2,9.2,9.2,8.8,8.0,8.0,7.200000000000001,7.6,7.6,7.3999999999999995,7.6,7.6,7.6,5270B,
8.0,8.0,8.0,8.0,8.0,8.0,8.4,8.8,8.4,9.2,9.2,8.4,9.2,8.8,9.2,9.6,9.6,9.2,9.2,8.8,8.0,7.6,7.6,7.6,7.2,7.2,6.800000000000001,6.0,6.4,6.0,6.0,6.0,6.4,6.4,6.800000000000001,6.800000000000001,8.0,8.0,8.0,8.0,8.4,9.6,9.6,9.2,8.8,9.2,8.0,8.0,8.0,8.0,7.6000000000000005,8.0,7.6,5298X,
7.6,7.6,7.6,7.6,7.3999999999999995,7.6,7.6,8.0,7.8,7.8,7.8,7.3999999999999995,7.8,7.8,7.8,8.8,7.8,9.2,9.0,9.6,9.2,8.8,8.600000000000001,8.600000000000001,8.0,8.200000000000001,7.6,7.3999999999999995,7.3999999999999995,7.0,6.8,7.8,7.6,7.6,7.6,8.0,8.8,8.8,8.8,8.8,9.2,8.8,9.2,8.4,7.3999999999999995,8.0,7.2,7.6,7.6,7.3999999999999995,7.2,7.6,7.0,5390Y,
8.0,8.0,8.0,8.0,8.0,8.0,8.8,8.8,8.200000000000001,9.0,9.2,8.600000000000001,9.2,8.600000000000001,9.2,9.6,9.0,9.2,8.600000000000001,8.4,8.0,7.8,7.8,7.3999999999999995,7.0,7.3999999999999995,7.0,6.6,7.0,5.8,6.0,6.4,6.800000000000001,6.0,6.800000000000001,7.2,7.6,8.0,8.0,8.0,8.4,8.8,9.6,9.2,8.8,8.8,7.6000000000000005,7.6000000000000005,8.0,8.0,7.6000000000000005,8.0,8.0,54021,
7.6,7.6,7.6,7.6,7.3999999999999995,7.3999999999999995,8.0,8.0,7.8,7.8,7.200000000000001,7.6,8.4,7.000000000000001,8.200000000000001,9.2,8.600000000000001,9.2,8.600000000000001,9.6,9.6,9.2,9.0,8.600000000000001,7.8,8.200000000000001,8.0,8.0,8.0,7.3999999999999995,7.2,7.8,7.6,7.3999999999999995,8.0,8.0,8.8,8.8,9.2,8.8,9.2,8.8,9.2,9.2,8.0,8.0,6.800000000000001,7.2,8.0,7.6,7.2,8.0,7.3999999999999995,5427X,
7.6,7.6,7.6,7.6,7.6,7.6,8.0,8.0,7.8,7.8,8.200000000000001,7.8,8.200000000000001,8.200000000000001,8.8,9.0,9.2,9.4,9.4,9.4,8.600000000000001,8.600000000000001,8.200000000000001,8.200000000000001,7.3999999999999995,7.3999999999999995,7.3999999999999995,6.6000000000000005,7.0,7.0,6.6,7.0,7.0,7.3999999999999995,7.3999999999999995,7.8,8.600000000000001,8.200000000000001,8.8,8.8,8.600000000000001,9.2,9.2,9.2,8.0,8.0,7.6000000000000005,7.6000000000000005,8.0,7.6,7.6,8.0,7.6,55141,
8.0,7.6,7.6,7.6,8.0,8.0,8.0,8.0,8.4,8.200000000000001,9.2,7.8,9.0,8.600000000000001,9.0,9.4,9.0,9.6,9.4,8.600000000000001,8.200000000000001,7.8,7.8,7.8,7.3999999999999995,7.0,7.0,6.6,6.2,6.2,5.6,6.2,6.6000000000000005,6.800000000000001,7.0,7.6,8.4,8.4,8.4,8.4,8.8,9.6,9.6,9.2,8.4,8.4,7.6000000000000005,7.6000000000000005,8.0,7.6,8.0,8.0,7.6,5530E,
7.6,7.6,7.6,7.6,8.0,7.6,8.0,8.0,6.800000000000001,8.0,7.200000000000001,8.0,9.2,8.8,8.8,9.6,9.2,9.6,9.6,8.8,8.8,8.8,8.4,8.4,7.6,8.0,7.6,7.2,7.2,6.800000000000001,6.4,7.6,7.2,6.800000000000001,7.6,8.0,8.4,8.4,8.8,8.8,8.8,8.4,9.6,8.0,8.0,8.0,6.4,7.6000000000000005,8.0,8.0,8.0,8.0,9.2,5582A,
8.0,7.6,7.6,7.6,7.8,7.8,7.8,7.8,7.4,8.200000000000001,8.600000000000001,7.8,8.600000000000001,8.600000000000001,9.0,9.0,9.0,9.4,9.4,9.0,8.600000000000001,8.600000000000001,8.200000000000001,7.8,7.8,7.8,7.3999999999999995,7.0,7.0,6.6,7.3999999999999995,8.200000000000001,7.3999999999999995,7.3999999999999995,7.3999999999999995,7.3999999999999995,8.200000000000001,8.200000000000001,8.8,8.200000000000001,8.600000000000001,8.0,9.6,8.8,8.4,8.4,7.6000000000000005,7.6000000000000005,8.0,7.6,8.0,8.0,7.6,5612B,
8.0,8.0,8.0,8.0,8.0,8.0,8.4,8.4,8.200000000000001,9.2,9.2,8.600000000000001,9.2,9.0,9.2,9.6,9.4,9.6,9.0,8.600000000000001,8.4,8.0,8.200000000000001,8.200000000000001,7.3999999999999995,7.8,7.6,6.6000000000000005,7.0,6.4,6.0,6.6000000000000005,6.800000000000001,6.4,7.2,7.6,8.0,8.0,8.0,8.4,8.4,8.4,9.6,9.2,8.8,9.2,7.2,8.0,8.0,8.0,8.0,8.4,8.0,5641X,
7.6,7.6,7.6,7.2,7.6,7.6,8.0,8.0,4.800000000000001,7.200000000000001,8.4,7.6,8.0,7.6000000000000005,7.6000000000000005,8.8,8.4,8.8,8.8,9.6,9.6,9.2,9.2,8.8,8.4,8.4,8.0,8.0,7.6,7.6,7.2,8.0,7.6,7.6,8.0,8.0,8.4,8.8,8.8,8.8,9.2,8.0,9.2,9.2,7.6000000000000005,8.0,7.200000000000001,7.2,8.0,7.6,7.6000000000000005,8.0,7.6,5704B,
8.0,8.0,8.0,8.0,7.8,8.200000000000001,8.600000000000001,8.600000000000001,8.600000000000001,9.0,9.0,8.600000000000001,9.0,9.0,9.0,9.4,9.4,8.600000000000001,9.4,8.600000000000001,8.200000000000001,7.8,8.200000000000001,8.200000000000001,7.3999999999999995,8.200000000000001,7.8,7.3999999999999995,6.6000000000000005,6.6000000000000005,6.2,6.2,6.6000000000000005,6.2,6.6000000000000005,7.3999999999999995,7.8,8.0,8.0,8.0,8.4,8.8,9.4,9.6,9.0,9.2,8.0,7.6000000000000005,8.200000000000001,7.8,7.8,7.8,7.8,57831,
8.0,8.0,8.0,8.0,8.0,8.0,8.4,8.8,7.8,9.0,9.2,8.200000000000001,9.2,8.8,9.2,9.6,9.2,9.6,9.4,8.8,8.4,8.4,8.4,8.4,8.0,8.0,7.6,7.2,6.800000000000001,6.800000000000001,6.4,6.800000000000001,7.2,6.4,7.2,7.6,8.0,8.0,8.0,8.0,8.4,8.8,9.6,8.4,9.2,9.2,8.0,7.200000000000001,8.4,8.0,7.6000000000000005,8.4,8.0,57961,
8.0,8.0,8.0,8.0,8.0,8.0,8.0,8.4,7.8,8.600000000000001,8.8,8.200000000000001,8.8,9.0,8.600000000000001,8.8,8.600000000000001,9.0,8.600000000000001,9.4,9.6,9.6,9.4,9.8,9.2,9.2,8.8,9.2,8.8,8.8,8.8,8.4,9.2,8.4,8.4,8.8,8.8,9.2,8.8,9.2,9.6,8.4,9.6,9.2,8.8,9.2,8.4,6.800000000000001,8.4,8.4,7.4,8.4,8.0,5860E,
7.8,7.8,8.0,7.4,7.8,7.8,8.200000000000001,8.200000000000001,7.4,9.0,9.0,7.8,9.0,9.0,9.0,8.8,8.200000000000001,9.0,9.0,9.4,9.0,8.600000000000001,9.0,8.600000000000001,8.600000000000001,8.600000000000001,8.600000000000001,8.200000000000001,8.200000000000001,8.200000000000001,7.8,7.8,8.200000000000001,7.8,7.8,8.200000000000001,8.200000000000001,8.600000000000001,8.200000000000001,8.600000000000001,8.600000000000001,7.8,9.4,9.0,8.600000000000001,9.0,7.8,6.6000000000000005,8.200000000000001,7.8,7.8,8.200000000000001,7.8,59101,
5.6,7.2,6.800000000000001,5.6,4.0,4.0,7.6,7.6,4.0,4.4,6.0,4.4,7.2,4.0,6.0,8.0,6.800000000000001,8.8,7.2,8.4,9.6,9.6,9.6,9.6,9.2,8.8,8.8,8.8,8.4,8.0,8.4,8.8,8.4,8.4,8.8,8.8,9.6,9.6,9.6,9.6,9.6,5.6,8.4,5.6000000000000005,6.4,6.4,4.0,5.2,7.6,4.4,4.0,6.800000000000001,3.2,5911A,
7.8,7.8,7.8,7.4,7.8,8.200000000000001,8.600000000000001,8.600000000000001,7.4,9.0,9.0,8.600000000000001,9.0,8.600000000000001,9.0,9.4,9.4,9.4,9.0,8.600000000000001,8.200000000000001,8.200000000000001,8.200000000000001,8.200000000000001,7.8,7.8,7.8,7.3999999999999995,7.3999999999999995,7.0,6.2,7.0,7.3999999999999995,6.6000000000000005,7.0,7.3999999999999995,7.8,7.8,7.8,7.8,8.200000000000001,7.3999999999999995,9.6,9.4,9.0,9.2,7.6000000000000005,7.4,8.8,7.8,7.8,8.4,7.8,59601,
7.8,8.0,8.0,7.6000000000000005,7.8,7.8,7.8,7.8,7.4,8.600000000000001,8.600000000000001,7.4,8.600000000000001,8.200000000000001,9.0,9.0,9.0,9.4,9.0,9.4,9.4,9.0,9.4,9.4,8.600000000000001,9.0,8.600000000000001,9.0,8.200000000000001,8.600000000000001,8.600000000000001,8.600000000000001,8.600000000000001,7.8,8.200000000000001,8.200000000000001,8.600000000000001,8.600000000000001,8.600000000000001,9.0,9.0,9.0,9.4,9.0,8.8,8.600000000000001,7.0,6.0,8.4,7.8,8.0,8.200000000000001,8.0,5972X,
7.8,7.8,7.8,7.8,7.8,7.8,7.8,7.8,7.4,8.200000000000001,8.600000000000001,7.4,8.200000000000001,8.200000000000001,8.600000000000001,8.8,9.0,9.0,8.600000000000001,9.2,9.4,9.2,9.4,9.4,9.4,9.0,9.0,9.0,8.600000000000001,9.0,8.600000000000001,8.200000000000001,8.600000000000001,8.200000000000001,8.600000000000001,8.600000000000001,8.600000000000001,9.0,8.600000000000001,9.4,9.4,8.200000000000001,9.4,8.600000000000001,8.600000000000001,8.600000000000001,7.4,6.2,8.200000000000001,7.8,7.8,7.8,7.8,59731,
7.8,8.0,8.0,6.800000000000001,7.8,7.8,7.8,7.8,7.000000000000001,8.200000000000001,8.200000000000001,7.8,8.600000000000001,8.200000000000001,8.600000000000001,9.0,8.600000000000001,9.0,9.0,9.4,9.4,9.4,9.4,9.0,8.600000000000001,8.600000000000001,8.600000000000001,8.600000000000001,8.600000000000001,8.200000000000001,7.8,8.200000000000001,8.200000000000001,7.8,8.200000000000001,8.200000000000001,8.600000000000001,8.8,8.600000000000001,9.0,9.0,9.4,9.4,7.8,8.8,8.600000000000001,5.4,5.8,7.8,7.8,7.8,7.8,7.000000000000001,5995B,
8.200000000000001,8.0,7.8,7.8,8.200000000000001,7.8,7.8,7.8,8.600000000000001,8.600000000000001,8.600000000000001,7.8,8.200000000000001,8.600000000000001,9.0,8.600000000000001,9.0,9.0,9.4,9.0,9.4,9.4,9.4,9.0,9.0,8.600000000000001,8.600000000000001,8.600000000000001,8.600000000000001,8.200000000000001,8.200000000000001,8.200000000000001,8.200000000000001,8.200000000000001,8.600000000000001,8.600000000000001,9.0,9.2,8.600000000000001,9.0,9.6,9.6,9.2,9.0,9.0,8.8,9.2,8.600000000000001,7.6000000000000005,8.200000000000001,8.4,8.0,8.200000000000001,6000A,
7.6,7.8,7.8,7.8,7.6,7.8,7.6,7.6,6.800000000000001,8.0,7.6,7.4,8.0,7.6,8.0,8.200000000000001,8.0,8.8,9.0,8.6,8.8,8.6,8.8,9.2,9.2,9.4,9.2,8.6,9.0,9.2,8.8,9.0,8.8,8.200000000000001,8.200000000000001,8.8,9.2,9.2,9.2,9.2,9.0,9.0,8.6,8.8,8.600000000000001,8.4,5.200000000000001,6.6000000000000005,7.6,6.6000000000000005,7.6,7.6,7.3999999999999995,60011,
8.200000000000001,8.0,8.8,7.6000000000000005,8.200000000000001,8.4,7.8,8.200000000000001,8.200000000000001,9.2,9.0,7.8,9.0,8.600000000000001,9.0,9.0,8.200000000000001,9.4,9.4,9.8,9.6,9.8,9.0,9.0,9.0,8.600000000000001,8.200000000000001,8.600000000000001,8.8,8.4,8.4,8.8,8.200000000000001,8.4,8.200000000000001,8.200000000000001,8.8,8.8,8.8,8.600000000000001,9.6,9.2,9.2,9.2,9.2,9.2,7.6000000000000005,4.800000000000001,8.4,8.200000000000001,8.4,8.200000000000001,7.8,6058I,
8.4,8.0,8.4,7.6000000000000005,8.4,8.4,7.8,8.4,8.4,8.8,8.8,8.200000000000001,8.600000000000001,8.8,8.8,9.2,8.8,9.2,9.2,9.2,10.0,9.6,9.6,9.6,10.0,9.2,8.8,9.2,9.2,8.8,9.2,9.2,8.8,8.8,8.8,8.8,9.6,9.6,9.6,9.6,9.6,9.2,9.2,9.2,8.8,8.8,5.6000000000000005,8.0,8.4,8.4,8.4,8.4,8.0,6084X,
7.6,7.6,7.6,7.2,8.0,8.0,8.0,8.0,7.6000000000000005,8.0,8.8,8.0,8.4,8.0,9.2,9.2,9.2,9.2,9.6,9.6,8.8,8.8,8.8,8.4,8.4,8.4,8.4,8.0,7.6,7.6,7.2,7.8,7.6,7.6,8.0,8.4,9.2,8.8,9.2,8.8,9.6,6.0,9.2,9.2,8.4,8.8,7.6000000000000005,7.200000000000001,8.4,8.0,8.0,8.0,7.2,6106X,
8.200000000000001,7.8,7.8,6.6000000000000005,8.200000000000001,8.200000000000001,8.200000000000001,8.200000000000001,7.8,9.0,9.0,8.600000000000001,9.0,9.0,9.0,9.0,9.0,9.4,9.4,9.4,9.0,9.0,8.600000000000001,8.600000000000001,9.0,8.200000000000001,7.8,7.8,7.8,7.8,8.200000000000001,8.200000000000001,7.8,8.200000000000001,8.200000000000001,8.200000000000001,8.200000000000001,8.600000000000001,8.600000000000001,8.600000000000001,9.4,9.4,9.4,9.0,9.0,9.0,6.6000000000000005,7.000000000000001,8.200000000000001,8.200000000000001,8.200000000000001,8.200000000000001,7.8,6155A,
8.8,8.4,8.4,6.4,8.8,8.8,8.4,8.8,8.600000000000001,9.0,9.2,8.600000000000001,9.0,8.8,9.2,9.0,9.2,9.4,9.4,9.6,8.600000000000001,8.600000000000001,8.600000000000001,8.200000000000001,8.600000000000001,8.600000000000001,7.8,8.200000000000001,8.200000000000001,8.4,7.8,7.8,7.8,8.0,8.0,8.4,8.4,8.4,8.8,8.8,9.2,9.2,9.6,9.6,9.2,9.2,7.2,7.6000000000000005,8.8,8.600000000000001,8.4,8.8,8.4,6156X,
8.200000000000001,8.8,8.4,7.4,8.600000000000001,8.600000000000001,8.200000000000001,8.200000000000001,9.0,9.0,9.0,8.600000000000001,9.0,9.0,9.0,9.0,9.0,9.0,9.4,9.4,9.4,9.6,9.4,9.0,8.600000000000001,8.600000000000001,8.8,8.8,8.8,8.200000000000001,8.4,8.4,8.200000000000001,8.600000000000001,8.200000000000001,8.200000000000001,8.600000000000001,8.8,8.600000000000001,9.0,9.0,9.2,9.4,9.0,9.0,8.600000000000001,5.6000000000000005,8.600000000000001,8.8,9.0,8.600000000000001,8.8,8.200000000000001,6205X,
8.0,8.0,8.0,8.4,8.200000000000001,8.0,8.4,8.4,8.200000000000001,8.8,9.2,7.8,8.600000000000001,8.200000000000001,8.600000000000001,9.2,8.600000000000001,9.2,9.0,9.6,9.6,9.6,9.4,9.4,9.2,8.600000000000001,8.8,8.8,8.8,8.4,8.4,8.4,8.4,8.4,8.4,8.4,8.8,8.8,9.2,9.6,9.6,9.6,9.6,9.2,9.2,9.2,8.8,8.8,8.4,8.4,8.4,8.4,8.600000000000001,6277B,
7.8,7.8,7.8,7.8,7.8,7.8,7.8,7.8,8.200000000000001,9.0,9.0,8.0,7.800000000000001,8.200000000000001,9.0,9.0,8.8,9.0,9.4,9.0,9.4,9.8,9.8,9.4,9.0,9.0,8.600000000000001,9.0,8.600000000000001,8.200000000000001,8.200000000000001,8.600000000000001,8.600000000000001,8.200000000000001,8.600000000000001,8.600000000000001,8.600000000000001,9.4,9.0,9.4,9.4,9.4,9.4,9.0,9.0,8.600000000000001,8.600000000000001,8.200000000000001,8.200000000000001,7.8,7.8,7.8,8.0,6293X,
8.0,8.0,7.6,8.0,8.0,8.0,8.0,8.0,8.4,8.8,8.4,8.0,8.4,8.4,9.2,9.2,9.2,9.2,9.6,9.6,8.8,9.2,8.8,8.4,8.200000000000001,8.200000000000001,7.8,7.3999999999999995,7.8,7.6,7.3999999999999995,8.0,8.0,8.0,8.4,8.4,8.8,8.8,8.8,8.8,9.6,9.2,9.2,9.2,8.4,8.0,8.0,8.0,8.0,8.0,8.0,8.0,7.6,6302A,
7.8,7.8,7.8,7.8,8.200000000000001,8.200000000000001,8.200000000000001,8.200000000000001,8.200000000000001,8.600000000000001,9.0,8.0,8.600000000000001,8.8,9.0,9.0,8.8,9.4,9.4,9.4,9.0,8.600000000000001,9.4,9.0,8.200000000000001,8.200000000000001,8.200000000000001,8.200000000000001,8.200000000000001,7.8,8.200000000000001,7.8,7.8,8.200000000000001,7.8,8.200000000000001,7.8,8.600000000000001,8.600000000000001,9.4,9.0,9.4,9.4,9.0,9.0,9.0,8.600000000000001,8.200000000000001,8.200000000000001,7.8,8.200000000000001,8.600000000000001,8.600000000000001,6325O,
8.200000000000001,7.8,8.600000000000001,8.600000000000001,8.200000000000001,9.0,7.8,8.4,8.600000000000001,9.0,7.6,9.0,9.4,9.0,9.4,9.0,9.0,9.4,9.4,9.6,9.2,9.8,9.4,8.600000000000001,9.0,9.0,9.0,8.600000000000001,8.600000000000001,8.200000000000001,8.200000000000001,8.0,8.600000000000001,8.600000000000001,8.600000000000001,8.200000000000001,8.600000000000001,8.600000000000001,9.0,9.0,9.4,9.8,9.8,9.4,9.0,9.0,7.8,6.6000000000000005,8.200000000000001,4.2,8.200000000000001,8.200000000000001,9.4,6332X,
8.4,8.0,8.0,8.0,8.0,8.4,8.0,8.0,9.2,9.0,9.2,8.4,8.8,9.2,9.2,9.2,9.2,9.6,9.6,9.6,8.8,9.2,8.8,8.4,8.4,8.0,8.0,8.4,8.4,8.0,8.0,8.0,8.0,8.4,8.4,8.4,8.4,8.8,8.8,8.8,9.2,9.6,9.6,9.6,9.2,8.8,8.8,8.4,8.4,7.8,8.4,8.4,7.8,6367B,
8.4,8.0,8.0,8.0,8.200000000000001,8.200000000000001,8.0,8.4,8.8,9.0,8.8,8.200000000000001,9.0,9.2,9.0,9.0,9.0,9.2,9.6,9.4,9.0,9.8,9.2,8.600000000000001,9.2,8.600000000000001,8.4,8.600000000000001,8.600000000000001,8.4,8.4,8.200000000000001,8.4,8.8,8.4,8.4,8.8,8.8,8.8,9.2,9.2,9.6,9.6,9.6,9.2,9.2,8.8,8.8,8.4,8.200000000000001,8.4,8.4,9.0,7002Y,
8.0,8.0,8.0,8.0,8.0,8.0,8.0,8.0,8.4,8.8,8.4,8.0,7.6000000000000005,8.4,8.8,8.4,9.2,9.2,9.2,9.6,9.6,9.6,9.6,9.2,9.2,8.8,8.4,8.8,8.8,8.4,8.4,8.8,8.4,8.4,8.4,8.4,7.6000000000000005,8.8,9.2,9.6,9.6,9.6,9.2,9.2,9.2,8.8,8.4,8.4,8.0,7.200000000000001,8.0,8.0,8.4,7012C,
7.8,7.8,7.4,7.8,7.8,8.200000000000001,7.8,7.8,8.600000000000001,9.0,8.600000000000001,7.8,8.200000000000001,8.600000000000001,9.0,8.200000000000001,9.0,9.0,9.4,9.0,9.4,9.4,8.600000000000001,9.0,8.600000000000001,8.600000000000001,8.600000000000001,8.200000000000001,8.200000000000001,8.200000000000001,8.200000000000001,8.200000000000001,8.200000000000001,8.200000000000001,8.200000000000001,8.600000000000001,6.6000000000000005,8.600000000000001,8.600000000000001,9.0,9.4,9.4,9.0,9.0,9.0,8.600000000000001,8.600000000000001,8.200000000000001,7.8,8.200000000000001,6.6000000000000005,7.8,8.200000000000001,70311,
8.200000000000001,7.8,7.8,7.8,8.200000000000001,8.600000000000001,7.8,8.200000000000001,9.0,9.0,9.0,8.200000000000001,8.600000000000001,9.0,9.0,8.4,9.0,9.0,9.4,9.4,9.4,9.4,8.600000000000001,8.600000000000001,8.600000000000001,8.200000000000001,8.200000000000001,8.200000000000001,8.200000000000001,7.8,7.8,7.8,7.8,8.200000000000001,8.200000000000001,8.200000000000001,6.6000000000000005,8.600000000000001,8.600000000000001,8.600000000000001,9.0,9.4,9.4,9.4,9.0,9.0,8.600000000000001,8.600000000000001,7.8,7.0,8.200000000000001,8.200000000000001,8.200000000000001,7031X,
7.3999999999999995,7.6,7.3999999999999995,7.3999999999999995,7.3999999999999995,7.3999999999999995,8.0,8.0,7.8,8.200000000000001,8.4,7.8,7.4,7.6000000000000005,9.0,8.0,8.8,9.2,9.6,9.6,8.8,9.2,8.8,8.200000000000001,8.0,8.0,8.0,7.6,8.0,7.6,7.2,7.6,7.6,8.0,8.0,8.4,9.2,8.8,8.8,9.2,9.6,9.2,9.2,9.2,7.8,8.0,8.0,7.2,7.6,7.3999999999999995,7.6,7.6,7.3999999999999995,7096B,
7.6,7.6,7.6,7.2,8.0,8.0,8.0,8.0,8.8,8.600000000000001,8.8,8.0,8.4,8.4,9.2,8.4,9.2,9.6,9.6,9.6,8.8,8.8,8.4,8.4,8.0,8.0,7.6,7.6,7.6,7.2,6.800000000000001,7.6,7.6,7.6,8.0,8.4,8.8,8.8,8.8,8.8,9.6,9.2,9.2,9.2,8.4,7.6000000000000005,8.0,7.6,7.6,7.2,7.6,8.0,8.0,7119B,
8.0,7.6,7.8,8.0,7.8,7.8,8.0,8.4,9.0,9.0,9.0,7.8,9.0,9.0,9.0,8.600000000000001,9.0,9.4,9.0,9.4,8.600000000000001,8.600000000000001,8.200000000000001,7.8,7.8,7.3999999999999995,7.3999999999999995,7.3999999999999995,7.3999999999999995,7.0,7.0,7.3999999999999995,7.3999999999999995,7.3999999999999995,7.8,7.8,6.4,8.4,8.8,8.600000000000001,9.2,9.6,9.6,9.2,9.2,8.4,8.0,8.0,8.0,7.6000000000000005,8.0,8.4,8.200000000000001,7145D,
8.8,8.0,8.0,7.6000000000000005,8.8,8.8,8.8,8.8,9.2,9.4,9.2,8.600000000000001,8.600000000000001,9.2,9.6,8.600000000000001,9.4,9.4,8.600000000000001,8.600000000000001,8.200000000000001,8.200000000000001,7.8,7.8,7.3999999999999995,7.3999999999999995,7.3999999999999995,7.0,7.3999999999999995,7.0,6.6000000000000005,7.0,7.0,7.3999999999999995,7.6,8.0,6.800000000000001,8.0,8.4,8.4,8.8,9.6,9.6,9.6,9.0,9.2,8.8,8.8,8.8,7.200000000000001,8.4,8.4,8.4,7178I,
8.0,8.0,8.0,8.0,8.4,8.4,8.0,8.0,9.2,9.2,9.2,8.4,8.8,9.2,9.2,9.2,9.2,9.6,9.2,9.2,8.8,8.8,8.4,8.4,8.0,8.0,8.0,7.6,7.6,7.2,7.2,7.6,7.6,7.6,8.0,8.0,8.8,8.4,8.4,8.8,9.2,9.6,9.6,9.2,9.2,8.8,8.4,8.0,8.0,7.6000000000000005,8.0,8.0,8.4,72091,
8.4,8.0,8.0,7.6000000000000005,8.200000000000001,8.600000000000001,8.4,8.8,9.0,9.4,9.2,8.600000000000001,8.600000000000001,9.2,9.6,8.600000000000001,9.4,9.4,8.600000000000001,8.600000000000001,8.200000000000001,8.200000000000001,7.8,7.8,7.8,7.3999999999999995,7.3999999999999995,7.0,7.3999999999999995,7.0,6.6000000000000005,7.0,7.0,7.3999999999999995,7.6,7.8,6.2,8.0,8.4,8.4,8.8,9.6,9.6,9.6,9.0,9.2,8.8,8.4,8.4,7.000000000000001,8.0,8.0,8.0,72281,
7.6,7.6,7.6,7.6,7.6,8.0,8.0,8.0,8.0,8.4,8.4,7.6,6.800000000000001,8.4,9.2,8.8,8.8,9.2,9.6,9.6,9.2,9.6,8.8,8.8,8.4,8.4,8.0,8.0,8.4,8.0,7.6,8.0,8.0,8.0,8.4,8.8,8.0,8.8,9.2,9.2,9.6,9.2,9.2,9.2,8.0,8.0,8.0,7.6,7.6,7.6,7.6,8.0,7.6,7247X,
7.8,7.3999999999999995,7.3999999999999995,7.3999999999999995,7.3999999999999995,7.3999999999999995,7.8,7.8,7.8,8.200000000000001,8.200000000000001,7.3999999999999995,7.8,7.8,9.0,7.8,8.600000000000001,9.0,9.4,9.4,8.8,9.0,8.600000000000001,8.200000000000001,8.0,7.8,7.3999999999999995,7.3999999999999995,7.3999999999999995,7.0,7.0,7.6,8.0,7.6,8.0,8.4,9.0,8.8,8.8,8.8,9.6,9.2,9.2,9.0,7.8,7.8,8.0,7.3999999999999995,7.3999999999999995,7.3999999999999995,7.3999999999999995,8.0,7.3999999999999995,7275C,
8.200000000000001,7.8,7.4,7.4,8.200000000000001,8.600000000000001,8.200000000000001,8.200000000000001,9.0,9.0,9.0,8.600000000000001,9.0,9.0,9.0,7.8,9.0,9.4,9.4,9.4,9.0,9.0,8.600000000000001,8.600000000000001,8.600000000000001,8.200000000000001,7.8,7.8,8.200000000000001,7.8,7.8,7.8,7.8,8.200000000000001,8.200000000000001,8.200000000000001,6.6000000000000005,8.600000000000001,8.600000000000001,8.600000000000001,9.0,9.4,9.6,9.4,9.0,9.0,8.600000000000001,8.600000000000001,8.200000000000001,8.200000000000001,8.200000000000001,8.200000000000001,7.8,80191,
8.4,8.0,8.0,8.0,8.4,8.4,8.4,8.0,9.2,9.2,8.4,8.4,9.2,9.2,9.2,8.600000000000001,9.2,9.6,9.6,9.6,9.2,9.2,8.8,8.8,8.8,8.4,8.0,8.4,8.4,8.4,8.0,8.0,8.0,8.4,8.4,8.4,8.0,8.8,8.8,8.8,9.2,9.6,9.6,9.6,9.2,9.2,8.8,8.8,8.4,8.4,8.4,8.4,8.0,80251,
8.4,7.8,6.2,7.8,8.200000000000001,8.200000000000001,8.0,7.8,9.0,9.0,9.0,8.200000000000001,9.0,8.600000000000001,9.0,6.2,9.0,9.0,9.4,9.4,9.0,9.0,8.600000000000001,8.600000000000001,8.200000000000001,8.200000000000001,7.8,7.8,7.8,8.200000000000001,7.8,7.4,7.4,8.4,7.8,8.4,8.200000000000001,8.8,8.600000000000001,8.8,9.2,8.8,9.6,9.6,9.0,9.0,8.8,8.8,7.4,8.200000000000001,8.4,8.200000000000001,8.200000000000001,8050X,
8.0,8.0,6.0,7.200000000000001,8.0,8.0,8.0,8.0,8.8,9.2,8.4,8.0,8.8,8.4,9.2,6.800000000000001,9.2,9.2,9.6,9.2,9.6,9.6,9.2,8.8,8.8,8.8,8.8,8.4,8.8,8.4,8.4,8.4,8.4,8.8,8.8,8.8,9.6,9.2,9.2,9.6,9.6,9.2,9.2,9.2,8.8,7.6000000000000005,8.4,7.6000000000000005,7.6000000000000005,7.6000000000000005,8.0,8.0,8.0,8058X,
7.6,7.2,7.6,7.2,7.6,7.6,7.6,8.0,7.2,7.6,8.0,7.6,8.0,8.0,7.6000000000000005,8.0,8.4,9.2,9.2,9.2,9.6,9.6,9.2,9.2,8.0,8.0,7.6000000000000005,7.6,8.0,7.6,7.2,7.6,8.0,8.0,8.0,8.4,9.2,8.8,9.6,9.6,9.6,8.0,9.2,8.0,7.6,8.0,7.6,7.6,7.6,7.2,7.6,7.6,6.800000000000001,80961,
7.3999999999999995,7.0,7.3999999999999995,7.3999999999999995,7.3999999999999995,7.3999999999999995,7.3999999999999995,7.8,7.8,7.8,7.8,7.3999999999999995,7.8,7.8,8.600000000000001,7.8,8.600000000000001,9.0,9.4,9.4,8.600000000000001,9.0,8.600000000000001,8.600000000000001,7.8,7.8,7.3999999999999995,7.3999999999999995,7.3999999999999995,7.0,6.6000000000000005,7.3999999999999995,7.3999999999999995,7.3999999999999995,7.8,8.200000000000001,9.0,8.600000000000001,9.4,9.0,9.4,9.0,9.0,8.200000000000001,7.8,7.8,7.3999999999999995,7.3999999999999995,7.3999999999999995,7.3999999999999995,7.3999999999999995,7.3999999999999995,7.0,81751,
7.0,7.0,7.0,6.6000000000000005,7.0,6.800000000000001,7.3999999999999995,7.3999999999999995,7.3999999999999995,7.3999999999999995,7.8,7.3999999999999995,7.8,7.4,7.8,7.000000000000001,7.8,8.600000000000001,9.0,9.0,9.4,9.0,9.0,8.600000000000001,7.8,7.8,7.8,7.8,7.8,7.3999999999999995,7.3999999999999995,7.8,7.8,7.8,8.200000000000001,8.600000000000001,9.0,9.0,9.4,9.4,9.0,8.200000000000001,8.8,7.8,7.3999999999999995,7.6,7.6,7.0,7.0,7.0,7.0,7.6,7.0,8177A,
7.6,7.6,7.6,7.6,7.6,7.6,7.6,8.0,8.0,8.0,8.4,7.6,8.0,7.6000000000000005,8.8,8.4,8.8,9.2,9.6,9.6,8.8,8.8,8.8,8.8,7.6,7.6,7.6,7.6,7.6,7.2,6.800000000000001,7.6,7.6,7.6,8.0,8.4,8.8,8.8,9.2,8.8,9.6,9.2,9.2,8.8,8.0,8.0,8.0,7.6,7.6,7.6,7.6,7.6,7.6,8178D,
8.4,8.0,6.0,5.6000000000000005,8.200000000000001,8.8,8.4,8.8,9.2,9.0,9.2,8.200000000000001,9.4,9.2,9.4,9.2,9.6,9.6,8.600000000000001,8.600000000000001,8.8,8.8,7.8,7.8,7.3999999999999995,7.3999999999999995,7.3999999999999995,7.3999999999999995,7.3999999999999995,6.6000000000000005,6.6000000000000005,7.0,7.3999999999999995,7.6,7.6,8.0,7.8,8.4,8.4,8.4,8.8,9.6,9.6,9.6,9.2,8.8,8.4,7.200000000000001,8.4,7.8,8.8,8.4,7.8,8293X,
7.3999999999999995,7.3999999999999995,7.3999999999999995,7.0,7.3999999999999995,7.199999999999999,7.3999999999999995,7.8,7.8,7.8,7.8,7.3999999999999995,7.8,7.8,8.600000000000001,7.8,8.600000000000001,9.0,9.4,9.4,9.0,9.0,8.600000000000001,8.600000000000001,7.8,7.8,7.8,7.3999999999999995,7.8,7.0,7.0,7.3999999999999995,7.8,7.8,7.8,8.200000000000001,9.0,8.600000000000001,9.0,9.0,9.6,9.0,9.0,8.600000000000001,7.8,7.8,7.3999999999999995,7.3999999999999995,7.3999999999999995,7.3999999999999995,7.3999999999999995,7.3999999999999995,7.0,8309X,
8.0,7.6,6.800000000000001,7.200000000000001,8.0,8.0,8.0,8.0,8.8,9.2,9.2,8.8,9.2,9.2,9.2,7.6,9.2,9.2,9.6,9.6,9.6,9.6,8.8,8.8,8.600000000000001,8.8,8.4,8.8,8.8,8.4,8.4,8.0,8.4,8.4,8.4,8.8,8.8,8.8,8.8,9.2,9.6,8.8,9.2,9.2,8.8,6.4,8.0,8.0,6.800000000000001,7.200000000000001,8.0,8.0,8.0,8325X,
7.6,7.2,7.6,7.2,7.6,7.6,7.6,8.0,8.0,8.0,8.0,7.6,8.0,8.0,8.4,8.4,8.4,9.2,9.2,9.2,9.2,9.6,8.8,9.2,8.0,8.0,7.6,7.6,8.0,7.6,7.2,8.0,8.0,8.0,8.4,8.4,9.6,8.8,9.6,9.6,9.6,8.0,9.2,8.4,7.6,7.6,7.6,7.6,7.6,7.6,7.6,7.6,7.2,8368U,
7.8,7.8,7.000000000000001,7.8,8.200000000000001,8.200000000000001,8.200000000000001,8.200000000000001,9.0,9.0,8.600000000000001,8.200000000000001,9.0,8.600000000000001,9.0,8.600000000000001,9.0,9.4,9.4,9.4,9.0,9.0,8.600000000000001,8.600000000000001,8.200000000000001,8.200000000000001,7.8,7.8,8.200000000000001,7.8,7.8,7.8,7.8,7.8,8.200000000000001,8.200000000000001,8.200000000000001,8.600000000000001,8.600000000000001,8.600000000000001,9.4,8.600000000000001,9.6,9.0,8.600000000000001,8.600000000000001,7.4,7.4,7.8,7.000000000000001,7.8,7.8,7.6,8414A,
8.4,8.0,6.800000000000001,7.6000000000000005,8.4,8.4,8.4,8.4,9.2,9.2,8.8,8.4,9.2,9.2,9.2,9.2,9.2,9.2,9.6,9.6,9.6,9.2,9.2,8.8,8.8,8.4,8.4,8.4,8.4,8.4,8.0,8.4,8.4,8.4,8.4,8.8,8.0,8.8,8.8,9.2,9.6,8.4,9.6,9.6,8.0,7.6000000000000005,7.6000000000000005,8.0,8.0,7.6000000000000005,8.4,8.4,8.0,84161,
8.8,8.0,7.200000000000001,7.6000000000000005,8.4,8.4,8.0,8.0,9.2,9.2,8.8,8.4,9.2,8.8,9.2,8.8,9.2,9.2,9.6,9.6,9.6,9.2,9.2,8.8,8.8,8.8,8.4,8.4,8.4,8.4,8.4,8.4,8.4,8.4,8.4,8.8,8.0,8.8,8.8,9.2,9.6,8.4,9.6,9.2,8.0,8.0,8.0,8.0,8.0,8.0,8.4,8.4,7.8,8416Y,
7.3999999999999995,6.800000000000001,7.0,7.0,6.800000000000001,6.800000000000001,7.3999999999999995,7.3999999999999995,7.3999999999999995,7.3999999999999995,7.3999999999999995,6.6000000000000005,7.3999999999999995,6.6000000000000005,7.8,7.0,7.8,7.8,8.200000000000001,8.200000000000001,9.0,9.0,9.0,9.0,9.0,9.0,8.600000000000001,8.600000000000001,9.0,8.200000000000001,8.200000000000001,8.600000000000001,8.600000000000001,8.600000000000001,8.200000000000001,9.4,9.0,9.2,9.0,9.0,8.600000000000001,7.8,8.200000000000001,7.8,6.800000000000001,7.3999999999999995,7.0,7.0,7.0,6.800000000000001,7.3999999999999995,7.3999999999999995,7.0,8489X,
8.0,8.0,6.800000000000001,8.0,8.0,8.0,8.0,8.0,8.8,9.2,8.4,8.4,8.8,7.6000000000000005,9.2,8.8,9.2,9.6,9.6,9.6,9.6,9.2,8.8,8.8,8.8,8.4,8.0,8.4,8.4,8.0,8.0,8.0,8.4,8.4,8.4,8.4,8.4,8.8,8.8,9.2,9.6,8.8,9.6,9.2,8.8,8.4,8.0,8.0,7.200000000000001,8.0,8.0,8.0,8.0,8500A,
8.0,8.0,7.4,6.800000000000001,8.4,8.0,8.0,8.0,8.4,9.2,8.8,8.200000000000001,9.0,7.8,9.2,9.2,9.2,9.6,9.6,9.4,9.2,8.8,8.8,8.600000000000001,8.4,7.8,8.0,7.8,7.8,8.0,7.8,8.0,8.0,8.0,8.0,8.4,8.8,8.8,8.8,9.2,9.6,6.0,9.2,9.2,9.2,8.4,8.0,8.0,8.0,8.0,8.0,8.0,8.4,8523X,
7.2,7.0,7.0,6.2,6.6000000000000005,7.0,7.6,7.3999999999999995,7.3999999999999995,6.6000000000000005,7.3999999999999995,7.0,7.3999999999999995,7.3999999999999995,6.6000000000000005,7.4,7.3999999999999995,7.8,7.8,8.0,9.2,9.2,8.8,8.0,9.2,9.6,9.6,9.2,9.4,9.6,9.6,9.6,9.6,9.2,9.6,9.2,9.0,9.2,9.2,8.8,8.8,7.8,7.200000000000001,7.3999999999999995,7.0,7.6,7.2,7.0,7.2,7.2,6.2,7.2,8.007692307692308,9001D,
7.6,7.2,7.2,6.800000000000001,7.2,7.2,7.6,7.6,7.6,7.0,7.6,7.6,8.0,7.6,7.200000000000001,8.4,8.0,8.4,8.8,8.8,9.6,9.6,9.6,9.2,9.2,8.8,8.8,9.2,8.8,8.4,8.4,8.8,8.8,8.4,8.8,9.6,9.6,9.6,9.6,9.2,9.2,8.0,8.0,8.0,6.800000000000001,7.6,7.6,7.6,7.2,7.2,7.2,7.2,7.0,9019B,
7.2,7.2,7.2,6.800000000000001,7.2,7.2,7.6,7.6,7.6,7.3999999999999995,7.6,7.6,8.0,8.0,8.0,8.8,8.0,8.8,9.2,9.2,9.6,9.6,9.6,9.2,9.2,8.8,8.8,9.2,8.8,8.4,8.8,8.8,8.8,8.4,8.8,9.6,9.6,9.2,9.6,9.2,9.2,8.4,8.8,8.0,6.800000000000001,7.6,7.6,7.6,7.2,6.800000000000001,7.6,7.2,6.2,90511,
7.0,6.2,7.0,6.2,6.2,6.6000000000000005,7.3999999999999995,7.2,7.3999999999999995,7.0,7.3999999999999995,7.3999999999999995,7.8,7.8,7.4,8.600000000000001,7.8,8.200000000000001,8.600000000000001,8.600000000000001,9.0,9.4,9.4,9.0,9.0,8.600000000000001,8.600000000000001,9.4,9.0,8.600000000000001,8.600000000000001,8.600000000000001,8.600000000000001,8.200000000000001,8.600000000000001,9.4,9.4,9.6,9.6,9.2,9.2,8.4,8.4,7.8,5.8,7.6,7.2,7.6,7.2,5.8,7.3999999999999995,7.0,5.8,9091O,
7.0,6.2,7.0,6.6000000000000005,6.6000000000000005,6.6000000000000005,7.3999999999999995,7.6,7.3999999999999995,7.0,7.3999999999999995,7.3999999999999995,7.8,7.8,7.4,8.600000000000001,7.8,8.200000000000001,9.0,8.600000000000001,9.4,9.4,9.4,9.0,9.0,8.600000000000001,9.0,9.4,9.0,8.600000000000001,8.600000000000001,8.600000000000001,8.600000000000001,8.200000000000001,8.600000000000001,9.4,9.4,9.2,9.4,9.2,9.2,8.4,8.8,7.8,6.2,7.6,7.2,7.6,7.2,6.2,7.3999999999999995,7.0,6.2,9091R,
7.2,7.2,7.2,7.2,7.2,7.0,7.2,7.6,7.6,7.3999999999999995,7.6,7.2,7.6,7.6,7.6,8.0,7.6,8.0,8.4,8.4,8.8,9.2,9.2,8.8,9.2,9.6,8.4,9.2,9.2,9.2,9.2,9.6,9.6,9.6,9.2,9.2,9.2,8.8,8.8,8.4,8.0,8.0,7.6000000000000005,7.6,7.6,7.6,7.6,7.2,7.6,7.2,7.6,7.6,7.3999999999999995,91111,
7.6,7.0,7.2,7.0,7.3999999999999995,7.3999999999999995,7.6,7.6,7.8,7.8,8.0,7.3999999999999995,7.8,7.8,8.4,9.0,8.200000000000001,9.0,9.0,9.0,9.0,9.6,9.2,9.4,8.200000000000001,7.8,7.4,8.200000000000001,8.200000000000001,7.8,7.8,7.8,8.4,7.8,8.4,8.8,9.0,8.8,9.6,9.6,9.6,9.2,9.2,8.0,7.3999999999999995,7.3999999999999995,7.6,7.6,7.6,7.3999999999999995,7.3999999999999995,7.2,6.2,91701,
7.2,7.2,7.2,6.800000000000001,6.4,7.2,7.6,7.6,7.2,7.2,7.6,7.6,7.6,7.2,8.0,8.4,7.6000000000000005,8.4,8.0,8.8,9.6,9.6,9.2,9.2,8.8,8.8,8.4,8.4,8.4,8.0,8.0,8.4,8.4,8.0,8.8,9.2,9.6,9.6,9.2,9.2,9.2,7.6000000000000005,8.0,7.6000000000000005,6.800000000000001,7.6,6.800000000000001,7.2,7.2,6.4,7.2,7.2,5.353846153846154,9201K,
6.800000000000001,7.2,7.2,7.2,5.6,6.800000000000001,7.6,7.6,6.4,6.800000000000001,6.800000000000001,7.6,7.6,6.800000000000001,7.2,8.0,7.200000000000001,7.8,6.800000000000001,7.6000000000000005,9.2,8.4,8.0,9.2,9.2,8.8,8.8,8.8,8.8,8.4,8.0,8.8,8.8,8.200000000000001,8.8,9.6,9.2,9.2,9.2,8.8,9.2,6.800000000000001,8.0,7.200000000000001,6.0,7.6,6.800000000000001,7.2,6.800000000000001,6.0,7.6,7.6,4.576923076923077,9208E,
7.2,7.0,7.2,7.2,7.2,7.6,7.6,7.6,7.3999999999999995,7.0,7.6,7.3999999999999995,7.8,7.8,8.0,8.8,7.8,8.600000000000001,9.2,8.8,9.6,9.6,9.2,9.4,9.2,9.6,8.4,8.8,8.600000000000001,9.2,7.8,8.200000000000001,8.200000000000001,8.0,8.8,9.0,9.6,9.2,9.6,9.2,9.2,8.4,8.4,8.0,6.6000000000000005,7.6,7.2,7.6,7.2,6.800000000000001,7.6,7.2,6.4,9244X,
6.800000000000001,6.0,7.2,6.4,6.4,7.2,7.6,7.6,6.800000000000001,7.2,7.6,7.6,8.0,7.6000000000000005,7.6000000000000005,8.8,8.0,8.4,9.2,8.4,9.6,9.6,9.6,9.6,8.8,8.8,8.8,9.2,8.8,8.4,8.4,8.8,8.8,8.4,8.8,9.6,9.6,9.6,9.2,9.2,9.2,8.4,8.8,7.6000000000000005,6.0,7.6,6.800000000000001,7.6,7.2,5.2,7.6,7.2,5.6,92621,
6.6000000000000005,6.2,7.0,6.6000000000000005,6.6000000000000005,7.0,7.6,7.3999999999999995,7.0,7.0,7.3999999999999995,7.3999999999999995,7.8,7.4,7.000000000000001,9.0,7.8,8.600000000000001,9.0,8.600000000000001,9.4,9.4,9.0,9.4,8.600000000000001,8.200000000000001,8.200000000000001,8.600000000000001,8.600000000000001,8.200000000000001,7.8,8.200000000000001,8.200000000000001,7.8,8.200000000000001,9.0,9.4,8.600000000000001,9.4,9.0,9.0,8.600000000000001,8.600000000000001,8.0,5.8,7.3999999999999995,7.0,7.6,7.2,6.0,7.3999999999999995,7.2,6.4,9263D,
6.800000000000001,6.4,7.2,6.800000000000001,6.800000000000001,6.800000000000001,7.6,7.6,7.2,7.2,7.6,7.6,7.6,7.2,7.6000000000000005,8.4,8.0,8.0,8.8,8.4,9.2,9.2,9.2,9.2,9.2,9.6,9.2,9.6,9.6,8.8,8.4,8.8,8.8,8.8,8.8,9.6,9.6,9.6,9.2,9.2,9.2,8.4,8.4,8.0,5.6,7.6,7.2,7.6,7.2,5.6,7.6,7.2,5.6,9263X,
7.6,7.3999999999999995,7.2,7.6,7.3999999999999995,7.6,7.0,7.3999999999999995,7.199999999999999,7.199999999999999,6.800000000000001,7.8,7.8,7.6,9.0,8.200000000000001,7.8,8.4,7.0,8.600000000000001,9.4,9.4,8.200000000000001,9.4,8.600000000000001,8.200000000000001,7.6,8.600000000000001,7.8,7.8,7.8,8.200000000000001,8.4,7.6,8.4,8.4,9.6,10.0,9.6,10.0,8.8,8.8,9.2,8.4,8.4,8.4,7.6,7.6,7.2,7.2,7.6,8.27450980392157,7.0,9283X,
7.3999999999999995,7.3999999999999995,7.3999999999999995,7.3999999999999995,7.3999999999999995,7.3999999999999995,7.3999999999999995,7.8,7.8,7.6,7.8,7.8,7.8,7.6,8.200000000000001,9.0,8.4,8.8,9.4,9.2,9.0,9.0,8.600000000000001,8.8,7.8,7.8,7.3999999999999995,7.6,7.6,7.3999999999999995,7.3999999999999995,7.8,7.8,7.8,8.200000000000001,8.600000000000001,9.0,8.600000000000001,9.4,9.4,9.4,9.0,9.0,7.8,7.6,7.3999999999999995,7.3999999999999995,7.3999999999999995,7.3999999999999995,7.3999999999999995,7.3999999999999995,7.0,7.3999999999999995,9294E,
7.6,7.2,7.2,7.2,7.3999999999999995,7.6,7.6,7.6,7.3999999999999995,7.3999999999999995,8.0,7.3999999999999995,7.8,8.0,7.6000000000000005,8.4,8.0,9.2,9.0,9.2,9.6,9.2,9.2,9.6,8.4,7.8,8.0,8.0,8.0,7.6,7.6,8.0,8.0,8.0,8.4,8.8,9.6,9.2,9.6,9.6,9.6,8.4,9.2,8.0,7.6,7.6,7.6,7.6,7.6,7.2,7.6,7.6,7.0,9381I,
7.6,7.2,7.2,7.2,7.6,7.6,7.6,7.6,8.0,8.0,8.0,7.6,8.0,8.0,7.200000000000001,8.8,8.0,9.2,9.2,9.2,9.6,8.8,9.2,9.6,8.4,8.0,8.0,8.4,8.0,7.6,7.6,8.0,8.0,8.0,8.4,8.8,9.6,9.2,9.6,9.6,9.6,8.8,9.2,8.0,7.6,7.6,7.6,7.6,7.6,7.2,7.6,7.6,7.0,93901,
7.6,7.2,7.6,7.6,7.3999999999999995,7.3999999999999995,7.6,8.0,7.8,7.8,7.8,7.8,7.8,7.8,8.200000000000001,9.0,8.600000000000001,9.0,9.4,9.0,9.0,8.8,8.600000000000001,9.0,7.8,7.8,7.8,7.8,7.8,7.3999999999999995,7.3999999999999995,7.8,7.8,7.3999999999999995,7.8,8.600000000000001,9.0,8.8,9.2,9.6,9.6,9.2,9.2,8.4,7.3999999999999995,8.0,7.6,7.6,7.6,7.3999999999999995,7.6,7.6,7.0,9394X,
7.3999999999999995,6.800000000000001,7.3999999999999995,7.3999999999999995,7.3999999999999995,7.3999999999999995,7.3999999999999995,7.8,7.8,7.8,7.8,7.8,8.200000000000001,7.8,9.0,9.0,9.0,9.2,9.4,9.4,8.600000000000001,8.600000000000001,8.600000000000001,8.4,7.8,7.3999999999999995,7.3999999999999995,7.8,7.6,7.0,7.0,7.3999999999999995,7.8,7.3999999999999995,7.8,8.200000000000001,8.600000000000001,8.600000000000001,9.0,9.4,9.4,9.0,9.0,8.200000000000001,7.6,7.8,7.3999999999999995,7.3999999999999995,7.3999999999999995,7.3999999999999995,7.3999999999999995,7.0,7.0,94341,
7.3999999999999995,7.0,7.3999999999999995,7.3999999999999995,7.3999999999999995,7.3999999999999995,7.8,7.8,7.8,7.8,7.8,7.8,8.200000000000001,7.4,9.0,9.0,9.0,9.0,9.4,9.4,8.600000000000001,8.600000000000001,8.600000000000001,8.600000000000001,7.8,7.3999999999999995,7.3999999999999995,7.8,7.8,7.0,7.0,7.3999999999999995,7.3999999999999995,7.3999999999999995,7.8,8.200000000000001,8.600000000000001,8.4,9.0,9.4,9.6,9.2,9.0,8.4,7.8,8.0,7.3999999999999995,7.6,7.6,7.3999999999999995,7.3999999999999995,7.2,7.0,9434P,
7.0,7.0,7.0,7.0,7.0,7.0,7.0,7.0,7.3999999999999995,7.3999999999999995,7.3999999999999995,7.0,7.3999999999999995,6.6000000000000005,7.3999999999999995,7.3999999999999995,7.3999999999999995,7.8,7.8,7.8,8.600000000000001,8.200000000000001,8.600000000000001,9.0,9.4,9.4,9.0,9.4,9.4,8.600000000000001,8.600000000000001,9.4,9.4,9.4,9.4,9.0,8.600000000000001,9.0,8.600000000000001,8.600000000000001,8.200000000000001,5.4,7.8,7.3999999999999995,6.6000000000000005,7.0,7.0,7.0,7.0,7.0,7.0,7.3999999999999995,7.0,9563X,
7.6,7.0,7.3999999999999995,7.3999999999999995,7.3999999999999995,7.3999999999999995,7.3999999999999995,7.3999999999999995,7.8,7.8,7.8,7.8,7.8,7.8,9.0,9.0,8.600000000000001,9.0,9.4,9.4,8.600000000000001,9.0,8.600000000000001,8.600000000000001,7.8,7.8,7.3999999999999995,7.8,7.8,7.3999999999999995,7.0,7.8,7.8,7.6,8.4,8.600000000000001,9.0,8.8,9.0,9.6,9.6,9.2,9.2,7.8,7.8,8.0,7.6,7.6,7.6,7.3999999999999995,7.3999999999999995,7.2,7.3999999999999995,9569A,
7.2,7.2,7.6,6.800000000000001,7.6,7.6,7.6,8.0,7.8,7.8,8.0,8.0,8.0,8.0,9.2,9.2,9.2,9.0,9.6,9.6,8.8,8.8,8.8,8.600000000000001,8.0,8.0,7.6,8.0,8.0,7.6,7.6,8.0,8.0,8.0,8.4,8.8,9.2,8.8,9.2,9.6,9.6,9.2,9.2,8.4,8.0,8.0,7.6,7.6,7.6,7.6,7.6,7.2,7.6,9573X,
7.3999999999999995,6.800000000000001,7.8,7.3999999999999995,7.3999999999999995,7.199999999999999,7.3999999999999995,7.3999999999999995,7.3999999999999995,7.8,7.8,7.8,8.200000000000001,8.600000000000001,9.0,9.0,9.0,9.0,9.4,9.4,8.600000000000001,9.4,8.200000000000001,7.8,7.3999999999999995,8.200000000000001,7.3999999999999995,7.8,7.8,7.8,7.8,8.200000000000001,7.3999999999999995,7.3999999999999995,8.200000000000001,8.600000000000001,9.4,9.6,9.6,9.6,9.2,9.0,9.2,7.8,7.800000000000001,7.3999999999999995,7.0,7.0,7.2,7.0,7.6,8.258823529411766,7.3999999999999995,9576C,
7.6,7.2,7.6,6.800000000000001,7.6,7.6,8.0,8.0,8.0,8.0,8.0,8.0,8.0,7.6000000000000005,8.8,9.2,8.8,9.2,8.4,9.2,9.6,9.2,9.6,9.6,8.8,8.0,8.4,8.4,8.4,8.0,8.0,8.8,8.4,8.4,8.8,9.6,9.6,9.6,9.6,9.6,8.4,8.8,9.2,8.0,7.6,8.0,7.2,7.6,7.6,7.2,7.6,7.6,7.2,96191,
7.2,7.2,7.2,6.800000000000001,7.2,7.6,7.6,7.6,7.8,7.8,8.0,7.200000000000001,7.8,7.6000000000000005,8.0,8.8,7.4,8.600000000000001,8.200000000000001,9.2,9.4,9.2,9.6,9.4,8.4,8.200000000000001,7.8,8.200000000000001,8.200000000000001,7.8,7.3999999999999995,7.8,8.200000000000001,8.0,8.4,8.8,9.6,9.2,9.6,9.6,8.8,8.4,8.8,8.0,7.2,7.6,7.2,7.2,7.2,7.2,7.2,7.2,7.2,9698U,
7.6,7.6,7.6,7.6,7.6,7.6,8.0,8.0,8.0,8.0,8.0,7.6000000000000005,8.0,8.0,8.8,9.2,8.8,8.8,9.2,9.2,9.6,9.2,9.6,9.6,9.2,9.6,9.2,9.2,9.6,8.8,8.4,9.2,8.8,8.8,9.6,9.6,9.6,8.8,9.6,9.6,8.8,9.2,8.4,8.0,8.0,8.0,7.6,7.2,7.2,7.2,7.2,7.2,9.2,9720X,
7.2,7.0,7.2,7.6,7.3999999999999995,7.3999999999999995,8.0,8.0,7.8,8.200000000000001,8.4,8.0,8.600000000000001,8.4,9.2,9.2,9.2,9.4,9.6,9.4,8.8,8.8,8.4,8.200000000000001,7.6,7.3999999999999995,7.2,7.6,7.6,7.2,6.800000000000001,7.6,7.6,7.6,8.0,8.4,8.8,8.4,8.8,9.6,9.2,9.2,8.8,8.4,7.4,8.0,7.6,7.6,7.2,7.3999999999999995,7.2,7.2,7.3999999999999995,9771C,
5.2,7.2,7.2,6.800000000000001,5.6,6.800000000000001,7.6,7.6,6.0,6.800000000000001,8.0,7.6,7.6,6.800000000000001,7.200000000000001,8.8,6.0,8.4,7.2,8.8,9.6,8.8,8.4,9.6,8.8,8.4,8.4,8.0,8.0,8.4,8.0,8.8,8.4,8.4,8.8,9.2,9.6,8.8,9.2,9.2,8.4,6.4,6.800000000000001,6.0,6.4,7.6,6.4,7.2,7.2,6.800000000000001,6.0,7.2,7.407692307692308,9784P,
7.2,7.2,7.2,7.2,7.6,7.3999999999999995,7.6,7.6,7.3999999999999995,7.8,8.0,8.0,8.0,7.000000000000001,8.4,8.600000000000001,7.8,9.2,9.0,9.0,9.0,9.4,9.2,9.0,8.0,7.8,7.3999999999999995,7.8,7.8,7.3999999999999995,7.3999999999999995,7.8,8.0,8.0,8.4,8.8,9.2,8.8,9.6,9.6,8.8,8.4,8.8,8.0,7.6,7.6,7.2,7.6,7.2,7.2,7.2,7.2,7.0,98981,
7.8,7.8,7.8,5.8,7.8,7.8,8.4,8.8,8.600000000000001,9.0,9.0,8.600000000000001,9.0,8.200000000000001,9.4,9.2,9.4,9.4,9.0,9.4,8.600000000000001,8.600000000000001,8.200000000000001,8.200000000000001,7.8,7.3999999999999995,7.3999999999999995,7.3999999999999995,7.3999999999999995,7.3999999999999995,6.6000000000000005,7.3999999999999995,7.3999999999999995,7.3999999999999995,7.6,7.8,8.4,8.4,8.4,8.600000000000001,8.8,8.4,9.6,9.2,7.8,8.8,7.6000000000000005,8.0,8.0,7.8,8.0,7.8,7.8,9981A,
7.8,7.8,7.8,7.8,7.8,7.8,8.0,8.0,7.8,8.200000000000001,8.4,7.8,8.600000000000001,8.600000000000001,9.0,8.600000000000001,9.0,9.0,9.0,9.0,9.2,9.4,9.4,9.4,9.8,9.2,9.2,8.8,8.8,8.8,8.8,8.8,8.600000000000001,9.2,9.2,9.2,9.2,9.6,9.6,9.2,9.2,8.0,8.0,8.8,8.200000000000001,8.0,8.0,8.0,8.0,7.6,8.0,7.6,,9987P,
7.2,7.2,6.800000000000001,6.800000000000001,6.800000000000001,6.4,7.6,7.6,7.6,7.2,7.6,7.6,7.6,7.2,8.0,8.4,7.200000000000001,8.0,8.0,8.4,8.8,9.2,9.6,9.2,8.8,8.8,7.6000000000000005,9.2,8.8,8.4,8.4,9.2,9.2,8.4,9.2,9.6,9.2,9.6,9.6,9.2,8.8,7.6000000000000005,7.6000000000000005,8.0,6.4,7.6,7.2,7.2,7.2,6.669387755102041,7.2,7.2,8.228257456828885,9990X,
7.6,7.2,4.0,4.8,7.6,6.0,7.6,7.6,8.0,8.0,8.0,4.8,7.200000000000001,7.6000000000000005,8.0,7.6000000000000005,7.200000000000001,8.4,9.2,9.2,9.6,9.2,9.6,9.6,9.2,8.8,8.4,8.8,8.8,8.4,8.0,8.8,8.8,8.8,8.8,8.0,6.4,9.6,9.6,9.2,8.8,6.4,7.6,8.0,6.0,7.6000000000000005,8.0,6.0,7.6,6.0,4.0,7.6,7.6,B013X,
8.4,8.0,7.200000000000001,8.0,8.0,8.0,8.0,8.0,8.0,8.4,8.4,7.6000000000000005,8.8,8.8,9.2,9.0,9.2,9.2,9.2,9.2,9.6,9.6,9.2,8.8,8.8,8.4,8.8,8.4,8.4,8.0,7.6,8.4,8.4,8.0,8.4,8.4,8.0,8.8,8.8,9.2,9.6,9.2,8.4,9.2,9.2,9.2,8.8,8.4,8.4,8.0,8.0,8.0,8.0,B2281,
6.6000000000000005,6.6000000000000005,4.800000000000001,5.4,6.6000000000000005,6.200000000000001,7.0,7.0,6.800000000000001,6.6000000000000005,7.3999999999999995,5.2,7.199999999999999,7.199999999999999,7.0,7.3999999999999995,6.6000000000000005,7.3999999999999995,7.8,7.8,9.0,8.600000000000001,9.0,9.0,9.4,9.4,8.600000000000001,9.0,9.4,8.600000000000001,9.0,9.4,9.0,9.0,9.4,8.600000000000001,7.6,9.0,9.0,8.200000000000001,7.8,6.6000000000000005,5.8,7.3999999999999995,5.800000000000001,6.800000000000001,6.4,6.800000000000001,6.0,5.4,4.0,6.800000000000001,6.6000000000000005,B2481,
7.8,7.3999999999999995,6.6000000000000005,7.8,7.8,7.8,8.0,7.8,7.8,8.200000000000001,8.200000000000001,7.8,8.200000000000001,8.600000000000001,9.0,9.0,9.0,9.0,9.4,9.4,9.4,9.0,8.600000000000001,8.600000000000001,8.200000000000001,7.8,7.8,7.8,7.8,7.8,7.3999999999999995,7.8,7.8,7.8,7.8,7.8,8.200000000000001,8.600000000000001,8.600000000000001,9.0,9.4,8.600000000000001,8.600000000000001,9.0,8.600000000000001,8.600000000000001,8.200000000000001,7.8,7.8,7.000000000000001,7.8,7.8,7.8,B2781,
8.0,7.6,6.4,8.4,8.0,8.0,8.0,8.0,8.0,8.200000000000001,8.4,8.0,8.8,8.8,9.2,9.2,9.2,8.8,9.6,9.6,9.2,9.2,8.8,8.8,8.4,8.0,8.4,8.0,8.0,7.6,7.6,8.0,8.0,8.0,8.0,8.4,8.4,8.8,8.8,9.2,9.6,9.2,8.8,9.2,8.8,8.4,8.4,8.4,8.4,7.6000000000000005,8.0,8.0,7.8,B346X,
7.8,7.3999999999999995,4.6000000000000005,7.8,7.8,7.8,7.8,7.8,7.8,7.8,7.8,7.8,7.8,8.200000000000001,9.0,8.600000000000001,8.600000000000001,9.0,9.0,9.0,9.4,9.4,9.4,9.0,9.0,8.600000000000001,8.600000000000001,8.200000000000001,8.200000000000001,8.200000000000001,7.8,8.200000000000001,8.200000000000001,8.200000000000001,8.200000000000001,8.200000000000001,7.8,8.600000000000001,9.0,9.4,9.4,9.0,8.600000000000001,9.0,8.600000000000001,8.200000000000001,7.4,7.8,7.4,7.8,7.8,7.8,,B434X,
7.8,7.6,7.4,7.6,7.8,7.8,7.8,7.8,8.200000000000001,8.200000000000001,8.200000000000001,7.6,8.200000000000001,8.0,8.600000000000001,8.600000000000001,8.600000000000001,9.0,9.0,9.0,9.4,9.4,9.4,9.4,8.600000000000001,8.600000000000001,8.600000000000001,8.200000000000001,8.200000000000001,8.200000000000001,8.200000000000001,8.200000000000001,8.200000000000001,8.200000000000001,8.200000000000001,8.600000000000001,9.0,8.600000000000001,9.0,9.4,9.4,9.4,8.600000000000001,9.0,8.8,8.8,8.200000000000001,7.8,8.200000000000001,7.8,7.8,7.8,7.8,B569X,
8.0,8.0,7.000000000000001,8.0,8.0,8.0,8.0,8.0,8.200000000000001,8.600000000000001,8.8,7.8,8.600000000000001,8.600000000000001,9.2,9.0,9.0,9.0,9.4,9.4,8.8,8.600000000000001,8.600000000000001,8.600000000000001,8.600000000000001,7.8,7.8,7.8,8.200000000000001,7.3999999999999995,7.8,7.8,7.8,7.8,7.8,8.4,7.4,8.4,8.8,9.6,9.6,9.2,8.8,9.2,8.4,8.600000000000001,8.4,8.0,7.6000000000000005,7.4,8.0,8.0,7.8,B691Y,
7.8,7.199999999999999,5.4,7.4,7.8,7.8,7.8,7.8,7.8,7.8,7.8,7.200000000000001,7.8,8.200000000000001,9.0,9.0,8.600000000000001,9.0,9.0,9.0,9.4,9.4,9.0,9.0,8.600000000000001,8.200000000000001,8.200000000000001,8.200000000000001,8.200000000000001,7.8,7.8,8.200000000000001,8.200000000000001,8.200000000000001,8.200000000000001,8.600000000000001,8.200000000000001,8.600000000000001,9.0,9.4,9.4,9.4,9.0,9.0,7.8,8.200000000000001,7.8,7.8,7.8,7.8,7.8,7.8,7.6,B8931,
7.8,7.8,7.4,7.8,7.8,7.8,7.8,7.8,7.8,8.200000000000001,7.8,7.8,8.200000000000001,8.200000000000001,8.600000000000001,8.600000000000001,8.600000000000001,9.0,9.0,9.0,9.4,9.4,9.0,8.600000000000001,8.600000000000001,8.600000000000001,8.200000000000001,8.200000000000001,8.200000000000001,8.200000000000001,7.8,8.200000000000001,8.200000000000001,8.200000000000001,8.200000000000001,8.600000000000001,7.8,8.600000000000001,9.0,9.4,9.4,9.4,8.200000000000001,9.0,8.600000000000001,8.600000000000001,8.200000000000001,7.8,7.8,7.000000000000001,7.8,7.8,7.6,B9541,
9.0,9.0,9.0,8.8,9.0,8.8,9.0,8.8,9.2,9.2,9.2,8.6,9.2,9.2,9.2,9.2,9.2,9.2,9.2,9.4,8.8,8.6,8.6,8.8,8.4,8.200000000000001,8.0,8.0,7.6000000000000005,8.0,7.6000000000000005,8.0,7.6000000000000005,7.800000000000001,7.800000000000001,8.0,8.0,8.0,8.0,8.4,8.600000000000001,8.600000000000001,9.0,9.0,9.2,9.2,9.4,9.4,9.0,8.8,9.0,9.4,9.0,C029O,
9.2,9.6,9.2,9.2,9.2,9.2,9.2,9.2,9.6,9.6,9.6,9.6,9.2,9.6,9.6,9.6,9.6,9.6,9.6,10.0,9.6,9.6,8.8,8.8,8.8,9.2,9.2,9.2,9.2,9.2,9.2,8.8,9.2,9.2,9.2,8.8,8.8,9.2,9.2,9.2,9.2,9.2,9.6,9.6,9.6,9.6,9.6,9.2,9.2,9.2,9.2,9.2,9.6,C129Z,
9.0,9.0,8.8,9.0,9.0,8.8,9.0,8.8,9.0,9.0,9.0,8.8,9.0,8.8,9.0,9.0,8.8,9.0,9.4,8.8,9.2,9.2,9.2,9.2,9.4,9.2,9.0,9.0,9.0,9.6,8.8,8.8,8.8,9.0,8.8,9.0,9.0,9.0,9.0,9.0,9.0,9.4,8.600000000000001,9.4,9.2,9.4,9.4,9.4,9.0,9.0,9.0,9.0,9.0,C139E,
9.0,9.4,9.0,9.0,9.0,9.0,9.0,9.0,9.0,9.4,9.4,9.0,9.4,9.0,9.4,9.4,9.4,9.4,9.4,9.4,9.4,9.4,9.0,9.4,8.600000000000001,8.600000000000001,8.600000000000001,9.0,9.0,8.4,8.600000000000001,8.600000000000001,8.600000000000001,8.8,8.4,9.2,8.600000000000001,8.600000000000001,8.4,8.4,8.8,8.8,8.600000000000001,8.8,9.4,9.4,9.4,9.6,9.0,9.0,9.0,9.4,9.2,C229J,
9.0,9.0,8.8,8.8,9.0,8.8,9.0,8.8,8.8,8.8,8.8,8.6,9.0,9.2,8.8,9.4,9.2,9.2,9.2,9.4,9.2,9.6,9.2,9.2,8.4,8.6,8.6,8.6,8.200000000000001,8.6,8.6,8.8,8.200000000000001,8.4,8.200000000000001,8.4,8.8,8.8,8.4,9.0,8.600000000000001,9.0,9.4,9.4,9.0,9.2,9.4,9.4,9.0,8.8,9.0,9.0,9.0,C249I,
9.0,9.2,9.0,9.0,9.0,9.0,9.0,9.0,9.0,9.4,9.0,9.0,9.0,9.0,9.0,9.4,9.0,9.4,9.8,9.4,9.8,9.8,9.4,9.4,9.0,9.4,9.4,9.0,9.0,9.0,9.0,9.0,9.0,8.600000000000001,9.0,9.0,8.600000000000001,9.0,9.0,9.0,8.8,9.0,9.6,9.4,9.4,9.4,9.6,9.6,9.4,9.0,9.2,9.0,10.0,C329Z,
9.4,9.2,9.6,8.6,9.2,9.2,9.2,8.8,9.0,9.4,9.2,8.6,9.2,9.4,9.8,9.4,9.2,9.4,9.6,9.6,9.4,9.2,8.8,9.2,8.600000000000001,8.200000000000001,8.6,8.8,8.6,8.200000000000001,8.8,8.4,8.200000000000001,8.4,8.200000000000001,8.8,7.800000000000001,8.4,8.4,8.600000000000001,8.600000000000001,8.4,8.600000000000001,8.8,9.0,9.2,9.4,9.4,9.4,9.2,9.2,9.4,9.0,C429I,
6.4,6.800000000000001,6.6000000000000005,6.800000000000001,6.200000000000001,6.4,5.6000000000000005,6.6000000000000005,6.4,6.8,6.6000000000000005,6.6000000000000005,6.800000000000001,6.4,7.4,6.8,7.199999999999999,7.0,7.0,7.4,7.6,8.4,7.6,7.4,8.200000000000001,8.4,9.0,9.6,9.6,9.6,9.2,9.2,9.0,9.2,8.8,8.6,8.200000000000001,8.6,7.6,7.6,7.4,7.6,6.6000000000000005,7.0,7.199999999999999,7.0,5.6000000000000005,7.0,6.6000000000000005,6.6000000000000005,6.4,6.6000000000000005,7.3999999999999995,C430E,
9.0,9.0,9.0,9.0,9.0,9.0,9.0,9.0,9.0,9.0,9.0,8.8,9.0,9.0,9.0,9.4,9.4,9.0,9.0,9.8,9.4,9.8,9.4,9.8,9.4,9.4,9.4,9.0,9.0,8.600000000000001,9.0,9.0,8.600000000000001,9.0,9.0,9.4,8.600000000000001,9.0,9.0,9.4,9.0,9.4,9.4,9.4,9.4,9.4,9.4,9.0,9.0,9.0,9.0,9.0,9.0,C439J,
7.8,7.8,7.8,7.8,7.8,7.200000000000001,6.6000000000000005,7.6,8.200000000000001,8.600000000000001,8.200000000000001,7.6,7.8,7.6,8.600000000000001,8.0,8.0,8.4,8.4,8.200000000000001,8.8,8.8,8.8,8.8,9.2,8.6,8.6,9.0,9.0,9.0,9.0,8.4,8.8,8.200000000000001,8.8,9.2,9.4,9.2,9.4,9.2,9.4,9.0,7.8,9.0,8.600000000000001,8.600000000000001,7.0,8.600000000000001,8.200000000000001,7.8,7.8,8.200000000000001,8.200000000000001,C447A,
9.2,9.0,9.0,9.0,9.2,9.0,8.600000000000001,9.0,9.0,9.4,9.0,9.0,9.0,9.0,9.4,9.4,9.4,9.4,9.4,9.4,9.4,9.4,8.600000000000001,9.4,8.600000000000001,8.600000000000001,8.600000000000001,8.200000000000001,8.200000000000001,8.200000000000001,8.200000000000001,8.600000000000001,8.200000000000001,8.8,8.200000000000001,8.600000000000001,8.600000000000001,8.600000000000001,8.600000000000001,8.600000000000001,8.8,9.2,9.2,9.2,9.4,9.4,9.4,9.6,9.4,9.0,9.0,9.0,9.0,C449C,
9.2,9.2,9.2,9.0,9.2,9.2,8.8,9.2,9.0,9.0,9.2,9.0,9.2,9.2,9.6,9.6,9.6,9.6,9.6,9.6,9.6,9.6,9.6,9.6,9.2,9.4,9.4,9.4,9.4,9.0,9.6,9.0,9.0,8.8,8.600000000000001,8.600000000000001,8.8,9.0,8.600000000000001,9.2,9.2,9.2,9.6,9.6,9.4,9.6,9.6,9.6,9.6,9.0,9.2,10.0,9.6,C459Z,
9.4,9.4,9.4,9.0,9.2,9.4,9.4,9.4,9.4,9.4,9.4,9.0,9.4,9.4,9.4,9.4,9.4,9.4,9.4,9.4,9.4,9.4,9.0,9.4,8.8,8.600000000000001,8.8,8.8,8.8,8.8,8.600000000000001,8.600000000000001,8.4,8.4,8.4,8.600000000000001,8.600000000000001,8.8,8.8,8.600000000000001,8.600000000000001,8.8,8.600000000000001,8.600000000000001,9.4,9.6,9.4,9.4,9.4,9.6,9.4,9.4,9.0,C629X,
9.0,9.0,9.0,8.8,8.8,8.8,8.8,8.8,8.8,8.6,8.8,8.6,8.8,8.8,9.2,9.2,9.0,9.2,9.0,9.0,9.0,8.8,9.0,9.0,8.6,8.4,7.6000000000000005,7.200000000000001,7.6000000000000005,7.6000000000000005,8.4,8.0,8.0,8.4,8.0,8.200000000000001,8.200000000000001,8.6,8.200000000000001,8.8,8.600000000000001,8.8,9.4,9.2,9.2,9.4,9.4,9.4,9.0,8.8,9.0,9.0,9.0,C649I,
9.0,9.0,9.0,9.0,9.0,9.0,9.0,9.0,9.0,9.0,9.0,8.600000000000001,9.0,9.0,9.0,9.0,9.0,9.0,9.4,9.0,9.0,9.0,9.4,9.4,9.4,9.4,9.4,9.2,9.2,9.2,9.2,9.4,9.4,9.0,9.0,9.4,9.0,9.0,9.0,9.0,8.600000000000001,9.0,9.2,9.4,9.4,9.4,9.4,9.6,9.4,9.0,9.0,9.4,9.6,C659H,
9.2,9.2,9.2,9.2,9.2,9.2,9.2,9.2,9.2,9.2,9.2,9.2,9.2,9.2,9.2,9.0,9.0,9.2,9.2,9.0,9.4,9.4,9.4,9.6,9.4,9.6,9.4,9.4,9.4,9.4,9.4,9.4,9.6,9.4,9.6,9.6,9.6,9.6,9.6,9.6,9.2,9.6,9.2,9.6,9.6,9.2,9.2,9.6,9.2,9.2,9.2,9.2,9.2,C659M,
9.0,9.4,9.0,9.0,9.0,9.0,9.0,9.0,9.0,9.4,9.0,9.0,9.0,9.4,9.0,9.6,9.4,9.0,9.4,9.6,9.8,9.6,9.4,9.4,9.4,9.6,9.6,9.6,9.6,9.2,9.6,9.2,9.0,9.2,9.2,9.6,9.0,9.0,9.2,9.6,9.2,9.0,9.4,9.4,9.8,9.4,9.4,9.4,9.4,9.4,9.0,9.8,9.8,C689E,
8.8,8.8,8.8,8.8,8.8,8.6,8.8,8.8,8.8,8.6,8.8,8.4,8.8,8.8,8.8,8.8,8.6,8.8,9.2,8.6,9.2,9.0,9.2,9.2,9.2,9.0,9.0,9.0,9.0,9.4,9.0,8.6,9.2,9.2,8.6,9.2,8.8,8.8,8.8,9.2,9.0,9.2,9.4,9.4,9.0,9.2,9.4,9.4,8.8,8.6,8.8,8.8,9.0,C929I,
