w1,w2,w3,w4,w5,w6,w7,w8,w9,w10,w11,w12,w13,w14,w15,w16,w17,w18,w19,w20,w21,w22,w23,w24,w25,w26,w27,w28,w29,w30,w31,w32,w33,w34,w35,w36,w37,w38,w39,w40,w41,w42,w43,w44,w45,w46,w47,w48,w49,w50,w51,w52,w53,coords,town_ID,CCAA_ID
7.8,7.399999999999999,7.8,7.8,7.8,7.8,7.8,7.8,7.8,8.200000000000001,8.200000000000001,7.8,8.200000000000001,8.200000000000001,8.600000000000001,8.600000000000001,8.600000000000001,9.0,9.0,9.0,9.0,9.4,9.4,9.4,9.4,9.4,9.0,9.0,8.600000000000001,8.600000000000001,9.0,9.0,9.4,9.4,9.4,9.0,9.4,9.4,9.4,9.4,8.200000000000001,9.0,9.0,9.0,8.600000000000001,8.600000000000001,8.200000000000001,7.8,7.8,7.8,7.8,7.8,7.8,"(41.38424664,2.17634927)",884,9
8.200000000000001,7.8,7.8,8.200000000000001,8.200000000000001,7.8,7.8,7.8,8.600000000000001,9.0,8.200000000000001,8.200000000000001,9.0,9.0,9.0,9.0,9.0,9.4,9.4,9.4,9.4,9.4,9.0,8.600000000000001,8.600000000000001,8.600000000000001,8.200000000000001,8.200000000000001,8.200000000000001,8.200000000000001,8.200000000000001,8.200000000000001,8.200000000000001,8.200000000000001,8.200000000000001,8.600000000000001,8.200000000000001,8.600000000000001,8.600000000000001,9.0,9.4,9.0,9.4,9.4,8.200000000000001,8.200000000000001,8.200000000000001,8.200000000000001,7.8,8.200000000000001,8.200000000000001,8.200000000000001,7.8,"(39.47534441,-0.37565717)",7257,10
8.200000000000001,7.8,7.8,8.0,8.4,8.4,8.600000000000001,8.600000000000001,8.8,8.8,9.0,8.8,8.8,9.0,9.2,9.2,9.2,9.0,8.4,8.4,8.4,8.4,7.6,7.6,7.6,7.199999999999999,7.199999999999999,6.800000000000001,7.199999999999999,6.4,6.800000000000001,6.800000000000001,7.199999999999999,7.399999999999999,7.399999999999999,7.8,7.000000000000001,7.8,8.200000000000001,8.200000000000001,8.600000000000001,9.0,9.0,9.4,9.0,9.0,9.0,8.200000000000001,8.200000000000001,7.8,8.200000000000001,8.200000000000001,7.6,"(37.98436361,-1.1285408)",4613,14
7.8,7.8,7.8,8.200000000000001,8.200000000000001,8.200000000000001,7.8,7.8,8.600000000000001,9.0,8.600000000000001,8.600000000000001,9.0,9.0,9.0,9.0,9.0,9.4,9.4,9.4,9.4,9.4,8.600000000000001,8.600000000000001,8.600000000000001,8.200000000000001,8.200000000000001,8.600000000000001,8.200000000000001,7.8,7.8,7.8,8.200000000000001,8.200000000000001,8.200000000000001,8.200000000000001,8.200000000000001,8.600000000000001,8.600000000000001,8.600000000000001,9.0,9.4,9.4,9.4,9.0,9.0,8.600000000000001,8.200000000000001,8.200000000000001,8.200000000000001,8.200000000000001,8.200000000000001,7.8,"(38.34548705,-0.4831832)",151,10
7.6,7.8,7.8,7.8,7.6,7.6,8.0,8.600000000000001,8.4,8.8,8.8,8.8,9.2,9.2,9.2,9.2,9.2,8.600000000000001,8.4,8.0,8.0,7.6,7.6,7.6,7.199999999999999,6.800000000000001,6.800000000000001,6.0,6.800000000000001,6.4,6.0,6.4,6.800000000000001,6.0,7.0,7.199999999999999,7.6,7.6,7.8,7.8,8.200000000000001,9.4,9.4,9.4,8.8,9.0,7.8,8.200000000000001,8.200000000000001,7.6,7.8,7.8,7.399999999999999,"(37.87954225,-4.78032455)",2076,1
7.0,7.399999999999999,6.6000000000000005,6.6000000000000005,5.6,6.4,7.8,7.399999999999999,7.000000000000001,7.200000000000001,7.399999999999999,7.0,7.4,7.8,7.8,8.600000000000001,7.8,8.200000000000001,8.600000000000001,8.200000000000001,8.200000000000001,9.0,9.0,7.8,9.0,9.0,8.600000000000001,9.4,9.4,9.4,9.4,9.4,9.4,9.4,9.4,9.0,9.0,9.4,9.0,9.0,9.0,8.200000000000001,7.4,7.8,6.6000000000000005,7.8,7.000000000000001,7.4,6.6000000000000005,6.2,7.4,7.8,3.6,"(43.53920222,-5.65949323)",5018,3
6.6000000000000005,6.800000000000001,6.6000000000000005,5.800000000000001,5.6000000000000005,6.4,7.0,6.800000000000001,6.8,7.2,7.4,7.0,7.4,7.4,7.4,8.200000000000001,7.4,7.800000000000001,8.200000000000001,7.800000000000001,8.6,8.8,9.0,8.6,9.0,8.6,8.6,9.0,8.6,8.200000000000001,8.6,8.200000000000001,9.0,8.6,8.200000000000001,9.0,9.0,9.0,8.8,8.8,8.8,8.4,8.4,7.800000000000001,6.600000000000001,7.199999999999999,6.800000000000001,7.199999999999999,7.199999999999999,6.200000000000001,7.0,6.6000000000000005,5.6000000000000005,"(42.85058789,-2.67275685)",44,16
7.8,7.8,7.8,7.8,8.200000000000001,7.8,7.8,7.8,8.0,8.4,8.200000000000001,7.8,8.200000000000001,8.600000000000001,9.0,8.600000000000001,8.8,9.0,9.4,9.4,9.4,9.4,9.0,8.4,8.600000000000001,8.600000000000001,8.200000000000001,8.200000000000001,8.200000000000001,8.200000000000001,7.8,8.600000000000001,8.200000000000001,8.200000000000001,8.200000000000001,8.200000000000001,7.8,8.600000000000001,9.0,9.0,9.4,9.4,9.4,9.0,9.0,8.600000000000001,8.600000000000001,8.200000000000001,7.8,8.200000000000001,8.200000000000001,8.200000000000001,7.8,"(37.60017342,-0.98210494)",4599,14
6.800000000000001,6.800000000000001,7.0,6.6000000000000005,5.800000000000001,7.0,7.199999999999999,7.199999999999999,6.6000000000000005,7.2,7.4,7.4,7.4,7.4,7.800000000000001,8.6,7.4,8.200000000000001,8.6,8.6,8.6,8.6,9.0,8.6,8.6,8.0,7.6,8.0,8.0,7.6,8.0,8.0,8.0,7.800000000000001,7.800000000000001,8.6,9.0,9.0,9.0,8.6,8.8,8.4,8.200000000000001,7.6,6.600000000000001,7.0,6.800000000000001,7.199999999999999,7.199999999999999,6.800000000000001,7.0,7.199999999999999,6.6000000000000005,"(42.814102,-1.6451528)",4830,15
7.0,5.0,6.4,3.8,3.8,5.2,6.800000000000001,5.4,4.0,6.2,7.000000000000001,7.000000000000001,6.4,7.000000000000001,7.000000000000001,9.0,6.6000000000000005,8.200000000000001,8.200000000000001,5.8,8.200000000000001,7.399999999999999,8.600000000000001,7.399999999999999,9.0,9.4,9.0,9.0,9.4,8.600000000000001,9.4,8.600000000000001,9.4,9.0,9.0,9.0,8.600000000000001,9.4,9.4,7.399999999999999,8.200000000000001,8.600000000000001,8.600000000000001,6.6000000000000005,4.2,6.2,6.2,6.6000000000000005,7.0,4.2,7.8,7.0,4.800000000000001,"(43.31717158,-1.98191785)",3217,16
7.8,7.8,7.4,7.8,7.6,7.8,7.8,7.8,8.200000000000001,8.600000000000001,8.200000000000001,8.200000000000001,8.600000000000001,7.8,9.0,9.0,9.0,9.4,9.4,9.4,9.4,9.4,8.600000000000001,8.600000000000001,8.600000000000001,8.200000000000001,8.200000000000001,8.200000000000001,8.200000000000001,7.8,7.8,7.8,8.200000000000001,8.200000000000001,8.200000000000001,8.200000000000001,8.600000000000001,8.600000000000001,9.0,9.0,9.4,9.0,9.4,9.0,8.600000000000001,8.600000000000001,8.200000000000001,7.8,7.8,7.8,7.8,7.8,7.8,"(39.98640809,-0.03688142)",1853,10
7.399999999999999,7.0,7.399999999999999,7.199999999999999,7.199999999999999,7.199999999999999,7.199999999999999,7.199999999999999,7.6,7.6,7.6,7.6,8.0,7.6,8.4,8.8,8.0,8.8,8.8,8.8,9.4,9.4,8.8,9.2,8.600000000000001,8.0,8.0,8.600000000000001,8.4,7.8,8.200000000000001,8.200000000000001,8.200000000000001,8.200000000000001,8.200000000000001,8.600000000000001,9.0,9.0,9.4,9.4,9.0,9.0,8.8,8.200000000000001,7.6,7.199999999999999,7.399999999999999,7.199999999999999,7.399999999999999,7.399999999999999,7.199999999999999,7.0,6.800000000000001,"(42.46644945,-2.44565538)",4147,17
6.200000000000001,6.800000000000001,6.800000000000001,6.800000000000001,7.0,6.000000000000001,6.800000000000001,7.199999999999999,6.8,7.4,7.8,7.0,7.0,7.6,7.800000000000001,8.4,7.4,8.4,8.4,8.200000000000001,8.200000000000001,8.6,8.8,9.2,9.2,9.2,9.2,9.2,9.0,8.4,9.2,9.2,9.2,8.8,9.2,8.8,9.2,8.8,9.2,9.0,7.6,7.200000000000001,8.200000000000001,7.6,7.0,7.199999999999999,6.800000000000001,7.399999999999999,7.399999999999999,7.399999999999999,7.0,7.0,6.200000000000001,"(42.59912097,-5.56707631)",3698,0
7.399999999999999,7.399999999999999,7.399999999999999,7.399999999999999,7.199999999999999,7.199999999999999,7.6,7.6,7.200000000000001,7.6,8.0,7.6,8.0,8.4,8.8,8.8,8.8,9.4,9.4,9.2,8.8,8.4,8.0,8.0,7.6,7.6,7.199999999999999,6.800000000000001,7.199999999999999,6.800000000000001,6.800000000000001,6.800000000000001,7.199999999999999,7.199999999999999,7.399999999999999,7.8,8.600000000000001,8.600000000000001,8.600000000000001,9.0,9.4,9.0,9.0,9.0,7.8,7.8,7.4,7.399999999999999,7.8,7.199999999999999,7.399999999999999,7.399999999999999,7.199999999999999,"(37.7651913,-3.7903594)",3565,1
7.0,7.6,7.0,7.6,6.2,6.2,7.8,7.8,7.8,8.200000000000001,8.600000000000001,8.200000000000001,8.600000000000001,8.200000000000001,8.600000000000001,9.0,9.0,9.4,9.4,9.4,9.4,9.0,9.0,9.0,8.600000000000001,8.600000000000001,7.8,7.8,7.8,7.8,7.8,7.8,8.200000000000001,7.8,7.8,8.200000000000001,8.200000000000001,8.600000000000001,9.2,9.6,8.600000000000001,7.8,9.2,8.8,7.200000000000001,8.0,7.200000000000001,7.6,7.6,6.6000000000000005,6.6000000000000005,7.399999999999999,6.6000000000000005,"(42.33553117,-7.863836656)",4956,12
6.0,6.800000000000001,5.2,7.2,3.8,4.2,5.4,7.6,5.8,5.8,7.8,7.4,7.000000000000001,6.2,7.4,8.8,7.8,7.8,7.000000000000001,9.2,9.0,9.2,8.8,9.0,9.6,9.6,9.6,9.2,9.6,9.6,9.2,9.4,9.6,9.6,9.0,9.6,9.6,8.0,8.8,8.4,8.0,5.2,7.2,6.800000000000001,4.800000000000001,6.4,6.4,7.2,6.800000000000001,5.2,4.8,5.8,4.0,"(42.87999954,-8.546107172)",2209,12
7.8,7.8,7.8,7.6,8.0,7.6,8.200000000000001,8.200000000000001,8.4,8.4,9.0,8.4,8.8,9.0,9.0,9.0,9.0,9.0,9.4,9.4,9.4,9.4,9.0,9.0,9.0,8.600000000000001,8.600000000000001,8.200000000000001,8.600000000000001,8.200000000000001,8.200000000000001,8.200000000000001,8.200000000000001,8.200000000000001,8.200000000000001,8.600000000000001,8.600000000000001,8.600000000000001,9.0,9.4,9.0,9.4,9.4,9.0,8.8,9.0,9.0,8.200000000000001,8.600000000000001,8.600000000000001,8.200000000000001,8.200000000000001,8.0,"(36.7827081,-4.10210923)",4573,1
7.8,7.8,7.000000000000001,8.200000000000001,8.200000000000001,7.8,7.8,7.8,8.600000000000001,8.600000000000001,8.600000000000001,8.200000000000001,9.0,9.0,9.0,8.600000000000001,9.0,9.0,9.4,9.4,9.4,9.4,9.0,8.600000000000001,8.600000000000001,8.600000000000001,7.8,8.200000000000001,8.200000000000001,8.200000000000001,8.200000000000001,8.200000000000001,8.600000000000001,8.600000000000001,8.600000000000001,8.200000000000001,8.600000000000001,8.600000000000001,9.0,9.4,9.4,9.4,9.4,9.0,9.0,9.0,9.0,9.0,9.0,8.200000000000001,8.200000000000001,8.200000000000001,7.8,"(38.53427136,-0.1306853)",168,10
6.800000000000001,7.399999999999999,6.400000000000001,5.800000000000001,4.0,5.800000000000001,6.600000000000001,7.6,5.800000000000001,5.800000000000001,7.4,7.8,8.4,7.4,8.0,6.800000000000001,7.8,7.4,6.800000000000001,8.0,8.8,9.2,8.8,7.200000000000001,8.4,9.0,9.0,9.4,9.0,9.2,9.6,9.4,5.8,8.4,9.2,9.6,8.8,9.4,7.6,7.8,8.0,5.4,7.200000000000001,6.600000000000001,5.6,4.6000000000000005,6.4,6.800000000000001,6.800000000000001,4.0,3.4000000000000004,6.800000000000001,4.2,"(43.48451427,-8.233353008)",2168,12
6.6000000000000005,7.2,7.0,7.399999999999999,6.2,6.6000000000000005,7.399999999999999,7.399999999999999,7.399999999999999,7.8,8.200000000000001,7.8,7.8,8.200000000000001,8.600000000000001,9.0,8.600000000000001,9.0,9.0,9.4,9.4,9.4,9.4,9.4,8.600000000000001,8.600000000000001,8.200000000000001,7.8,7.8,7.8,8.200000000000001,8.200000000000001,8.600000000000001,8.200000000000001,8.200000000000001,8.200000000000001,8.600000000000001,9.4,9.4,9.4,9.0,8.600000000000001,8.600000000000001,7.8,7.0,7.399999999999999,7.399999999999999,7.399999999999999,7.2,6.6000000000000005,7.0,7.0,5.8,"(42.5476828,-6.59729457)",3723,0
7.0,5.8,5.8,4.6,4.0,5.8,7.4,6.2,4.800000000000001,5.6,7.0,7.0,7.000000000000001,7.000000000000001,7.4,9.0,6.6000000000000005,7.8,8.200000000000001,5.8,8.200000000000001,7.4,7.8,7.0,8.200000000000001,9.4,9.4,9.0,9.4,9.0,9.4,9.0,9.0,9.4,9.0,8.600000000000001,8.600000000000001,9.4,8.200000000000001,7.8,8.600000000000001,8.200000000000001,8.600000000000001,5.8,4.2,6.2,6.2,6.2,6.6000000000000005,4.2,7.8,7.0,4.4,"(43.34003194,-1.78736072)",3193,16
7.8,7.399999999999999,6.6000000000000005,6.2,7.6,7.6,7.8,7.399999999999999,7.6,8.0,8.200000000000001,7.8,7.8,8.200000000000001,8.600000000000001,8.200000000000001,9.0,9.4,9.4,9.4,9.4,9.4,8.600000000000001,8.200000000000001,8.200000000000001,7.8,7.8,7.399999999999999,7.8,7.399999999999999,7.8,7.8,8.200000000000001,8.200000000000001,8.200000000000001,8.600000000000001,8.600000000000001,8.600000000000001,9.0,9.0,9.4,9.4,9.4,9.0,8.600000000000001,7.8,7.8,7.8,7.8,7.4,7.8,7.8,7.199999999999999,"(38.69836894,-0.47318376)",146,10
8.600000000000001,8.600000000000001,8.200000000000001,8.0,8.4,7.6,8.0,7.6,8.0,8.0,8.4,8.0,8.4,8.8,8.8,8.8,8.8,9.0,9.4,9.2,9.0,9.2,9.4,9.4,9.4,9.4,9.4,9.0,9.0,9.0,9.0,8.600000000000001,9.0,8.600000000000001,9.0,9.0,9.0,9.4,9.4,9.4,9.4,9.4,9.4,9.0,8.8,8.8,9.0,8.600000000000001,9.0,8.8,9.0,9.0,8.600000000000001,"(36.74574584,-3.52123441)",2800,1
7.399999999999999,7.399999999999999,7.0,7.0,7.399999999999999,6.6000000000000005,7.399999999999999,7.399999999999999,7.399999999999999,7.8,7.8,7.399999999999999,7.8,7.8,7.8,8.200000000000001,8.200000000000001,9.0,9.0,9.0,9.4,9.4,9.0,8.600000000000001,8.200000000000001,7.8,7.8,7.399999999999999,7.8,7.399999999999999,7.399999999999999,7.399999999999999,7.8,7.8,8.200000000000001,8.600000000000001,9.0,9.0,9.4,9.4,9.0,8.600000000000001,9.0,8.200000000000001,7.399999999999999,7.8,7.399999999999999,7.399999999999999,7.399999999999999,7.399999999999999,7.399999999999999,7.399999999999999,7.0,"(40.07653762,-2.13152306)",2295,8
7.0,7.399999999999999,6.6000000000000005,6.6000000000000005,5.6,6.4,7.8,7.399999999999999,7.000000000000001,7.200000000000001,7.399999999999999,7.0,7.4,7.8,7.8,8.600000000000001,7.8,8.200000000000001,8.600000000000001,8.200000000000001,8.200000000000001,9.0,9.0,7.8,9.0,9.0,8.600000000000001,9.4,9.4,9.4,9.4,9.4,9.4,9.4,9.4,9.0,9.0,9.4,9.0,9.0,9.0,8.200000000000001,7.4,7.8,6.6000000000000005,7.8,7.000000000000001,7.4,6.6000000000000005,6.2,7.4,7.8,3.6,"(43.39474647,-5.66321486)",5061,3
8.600000000000001,8.600000000000001,8.600000000000001,9.0,8.4,8.600000000000001,8.200000000000001,8.600000000000001,8.8,9.0,9.0,8.8,9.0,9.0,9.0,9.0,9.0,9.4,9.4,9.4,9.4,9.4,9.4,9.0,9.0,8.600000000000001,8.600000000000001,8.600000000000001,8.600000000000001,8.200000000000001,8.200000000000001,8.200000000000001,8.200000000000001,8.200000000000001,8.600000000000001,8.600000000000001,8.600000000000001,8.600000000000001,9.0,9.0,9.0,9.4,9.4,9.4,9.0,9.0,7.8,8.200000000000001,9.0,9.0,9.0,9.0,8.200000000000001,"(36.71634307,-4.29230385)",4561,1
7.2,7.0,7.0,6.4,7.399999999999999,7.399999999999999,7.399999999999999,7.399999999999999,7.399999999999999,7.8,7.8,7.8,7.8,7.8,8.200000000000001,8.600000000000001,7.8,9.0,9.0,9.0,9.0,8.600000000000001,9.4,9.4,9.0,9.0,8.600000000000001,8.600000000000001,8.600000000000001,8.200000000000001,8.600000000000001,8.200000000000001,9.0,8.600000000000001,9.0,9.0,9.4,9.4,9.2,9.0,9.0,9.0,8.8,8.0,7.8,7.399999999999999,7.399999999999999,6.800000000000001,7.6,7.2,7.6,7.6,7.6,"(41.92838354,2.25573569)",1161,9
7.8,7.8,7.4,6.6000000000000005,8.4,8.0,8.200000000000001,8.200000000000001,8.8,9.0,9.0,8.200000000000001,7.8,9.0,9.0,8.200000000000001,9.4,9.0,8.4,9.0,8.4,8.600000000000001,8.200000000000001,8.200000000000001,8.200000000000001,7.8,7.8,7.8,7.6,7.199999999999999,7.399999999999999,7.399999999999999,7.8,7.8,7.8,7.8,8.200000000000001,8.200000000000001,8.600000000000001,8.600000000000001,9.0,9.4,9.4,9.4,7.8,8.600000000000001,8.600000000000001,7.8,8.600000000000001,7.8,8.200000000000001,8.200000000000001,8.200000000000001,"(39.14944832,-0.43554456)",7024,10
7.8,7.8,7.200000000000001,7.6,8.0,8.0,7.8,7.6,8.4,8.8,8.8,8.4,8.8,8.8,8.8,7.199999999999999,8.8,9.4,9.4,9.2,9.2,9.2,8.600000000000001,8.4,8.600000000000001,8.0,7.6,7.8,7.8,7.8,7.8,7.8,8.200000000000001,7.8,8.200000000000001,8.200000000000001,8.0,8.200000000000001,8.600000000000001,9.0,9.0,9.4,9.4,9.4,8.8,9.0,8.600000000000001,8.0,8.200000000000001,8.0,8.200000000000001,8.200000000000001,7.6,"(38.84122705,0.10661934)",200,10
7.8,7.8,7.8,7.8,7.8,7.8,7.8,7.8,7.8,8.200000000000001,8.600000000000001,8.200000000000001,8.600000000000001,8.600000000000001,9.0,9.0,9.0,9.4,9.4,9.4,9.4,9.0,8.600000000000001,8.200000000000001,8.200000000000001,8.200000000000001,7.8,7.399999999999999,7.399999999999999,7.399999999999999,7.399999999999999,7.399999999999999,7.399999999999999,7.8,7.8,8.200000000000001,8.600000000000001,8.600000000000001,8.600000000000001,8.600000000000001,9.4,7.399999999999999,9.4,9.0,8.600000000000001,8.600000000000001,8.200000000000001,7.4,8.600000000000001,7.8,7.8,7.8,7.399999999999999,"(37.0142215,-4.55804451)",4495,1
7.8,8.600000000000001,8.600000000000001,7.8,8.200000000000001,7.8,7.8,7.8,7.8,8.600000000000001,9.0,8.200000000000001,8.600000000000001,9.0,9.0,9.0,9.0,9.4,9.4,9.4,9.0,9.4,9.4,8.600000000000001,8.600000000000001,9.0,8.600000000000001,8.200000000000001,8.200000000000001,8.600000000000001,8.600000000000001,8.200000000000001,8.200000000000001,8.200000000000001,8.600000000000001,9.0,8.600000000000001,9.4,8.200000000000001,9.4,9.4,9.0,9.4,9.0,9.0,9.0,8.600000000000001,7.8,8.200000000000001,8.600000000000001,8.600000000000001,8.600000000000001,7.8,"(36.73725905,-5.1654186)",4563,1
7.199999999999999,5.4,6.6000000000000005,6.6000000000000005,5.6000000000000005,5.800000000000001,7.4,6.800000000000001,6.600000000000001,6.800000000000001,7.199999999999999,6.800000000000001,7.4,7.200000000000001,7.6,8.0,7.6,8.0,8.4,7.6,8.4,8.600000000000001,9.0,8.4,9.0,9.0,9.4,9.0,9.4,9.4,9.4,9.4,9.2,9.4,9.4,9.0,8.4,9.2,8.4,8.4,8.8,7.200000000000001,7.6,7.200000000000001,5.2,7.6,6.200000000000001,6.600000000000001,6.4,5.800000000000001,7.4,7.6,2.4,"(43.38375,-3.217666667)",5797,6
6.200000000000001,6.800000000000001,6.8,5.800000000000001,5.2,6.000000000000001,7.4,6.800000000000001,6.800000000000001,7.000000000000001,7.6,6.800000000000001,7.4,7.4,7.200000000000001,8.6,7.6,8.200000000000001,8.4,7.6,8.4,8.8,8.8,8.4,8.8,8.8,9.2,9.2,9.2,9.2,9.2,9.2,9.2,9.2,9.2,8.8,8.4,9.2,9.2,8.0,8.8,8.4,8.4,8.0,6.000000000000001,6.600000000000001,6.600000000000001,5.800000000000001,6.4,5.6000000000000005,7.4,7.000000000000001,2.4,"(43.42352778,-3.855083333)",5793,6
7.0,6.2,7.0,5.4,4.4,5.6,6.800000000000001,6.2,6.0,6.600000000000001,7.6,7.4,7.200000000000001,7.6,7.4,9.0,7.4,8.600000000000001,8.8,7.6,8.8,8.600000000000001,9.2,8.8,9.4,9.4,9.4,9.4,9.0,9.4,9.0,9.0,9.4,9.0,9.0,9.4,9.0,9.4,9.4,8.200000000000001,9.0,8.600000000000001,9.0,7.8,4.4,7.000000000000001,7.000000000000001,6.6000000000000005,6.6000000000000005,4.800000000000001,7.399999999999999,7.0,3.6,"(43.16798721,-2.63090395)",7525,16
7.8,7.8,7.4,7.8,7.6,7.8,7.8,7.8,8.200000000000001,8.600000000000001,8.200000000000001,8.200000000000001,8.600000000000001,7.8,9.0,9.0,9.0,9.4,9.4,9.4,9.4,9.4,8.600000000000001,8.600000000000001,8.600000000000001,8.200000000000001,8.200000000000001,8.200000000000001,8.200000000000001,7.8,7.8,7.8,8.200000000000001,8.200000000000001,8.200000000000001,8.200000000000001,8.600000000000001,8.600000000000001,9.0,9.0,9.4,9.0,9.4,9.0,8.600000000000001,8.600000000000001,8.200000000000001,7.8,7.8,7.8,7.8,7.8,7.8,"(39.96420713,-0.26316353)",1893,10
6.800000000000001,6.4,6.8,5.6000000000000005,4.0,5.6000000000000005,7.2,6.6000000000000005,5.200000000000001,6.4,7.0,7.000000000000001,7.2,7.2,7.6,8.8,7.4,7.800000000000001,8.200000000000001,7.000000000000001,8.200000000000001,8.8,8.6,8.200000000000001,8.8,9.0,9.2,9.2,9.2,9.2,9.2,9.2,9.2,9.2,9.2,9.2,9.0,9.2,8.8,8.4,8.6,8.6,8.4,7.800000000000001,4.800000000000001,6.600000000000001,6.000000000000001,6.200000000000001,6.6000000000000005,4.800000000000001,7.2,7.2,4.0,"(43.2863354,-2.17760995)",3227,16
7.8,7.8,7.8,7.8,8.0,8.0,8.200000000000001,7.8,8.8,8.8,8.8,8.4,8.8,8.8,8.8,8.8,9.2,8.8,8.4,8.8,8.4,8.4,8.0,7.6,7.6,7.6,7.199999999999999,6.800000000000001,7.199999999999999,6.800000000000001,6.800000000000001,6.800000000000001,7.199999999999999,7.199999999999999,7.8,7.6,7.6,8.0,8.600000000000001,8.600000000000001,9.0,9.4,9.4,9.4,9.0,9.0,8.600000000000001,7.8,7.8,7.4,7.8,7.8,7.6,"(37.85237594,-1.42462332)",4591,14
5.8,5.4,5.8,4.2,3.8,5.0,7.0,6.2,4.6,5.8,6.6000000000000005,6.2,6.2,6.6000000000000005,7.000000000000001,8.200000000000001,7.000000000000001,7.4,8.600000000000001,7.000000000000001,7.8,7.4,8.600000000000001,8.200000000000001,8.600000000000001,9.0,9.4,9.4,9.4,9.0,9.4,9.4,9.4,9.4,9.4,8.600000000000001,8.600000000000001,9.4,8.200000000000001,7.8,8.200000000000001,7.8,7.8,7.000000000000001,4.2,6.6000000000000005,5.8,5.8,6.2,3.8,7.0,6.6000000000000005,3.4000000000000004,"(43.0652967,-2.49099614)",3203,16
7.8,7.8,7.8,7.399999999999999,7.8,7.8,7.8,7.8,7.8,8.600000000000001,8.600000000000001,7.8,8.200000000000001,9.0,9.0,9.4,9.0,9.4,9.4,8.600000000000001,9.4,8.600000000000001,8.200000000000001,8.200000000000001,7.8,7.8,7.8,7.399999999999999,7.399999999999999,7.399999999999999,7.399999999999999,7.399999999999999,7.8,7.8,7.8,8.600000000000001,8.600000000000001,8.600000000000001,8.600000000000001,8.600000000000001,9.4,9.0,9.4,9.0,8.200000000000001,8.600000000000001,7.000000000000001,7.8,7.8,7.8,7.8,7.8,7.8,"(37.16628219,-4.15218743)",2787,1
6.6000000000000005,4.6000000000000005,5.8,3.8,3.4000000000000004,5.0,7.0,5.0,4.6,5.4,6.6000000000000005,7.0,6.6000000000000005,6.6000000000000005,6.6000000000000005,8.200000000000001,7.0,7.4,7.8,6.2,7.4,7.0,8.200000000000001,7.399999999999999,9.0,9.4,9.4,9.6,9.4,9.6,9.6,9.4,9.4,9.4,9.0,8.600000000000001,8.600000000000001,9.0,8.200000000000001,7.4,8.600000000000001,7.8,8.200000000000001,6.2,3.8,6.2,5.0,5.4,6.6000000000000005,4.2,7.0,6.6000000000000005,4.6000000000000005,"(43.13829669,-2.07170336)",3219,16
8.0,8.0,7.6,7.6,8.0,7.6,8.0,8.0,8.0,8.8,9.2,8.4,9.0,9.2,9.2,9.6,9.0,9.6,9.2,9.2,9.2,8.600000000000001,8.200000000000001,8.600000000000001,8.4,7.6,7.399999999999999,7.0,7.0,6.6000000000000005,6.2,6.800000000000001,7.399999999999999,7.2,7.6,8.0,8.4,8.4,8.4,8.8,8.8,9.6,9.6,9.2,8.8,8.8,8.0,8.0,8.0,8.0,8.0,8.0,7.6,"(37.23090185,-3.65748033)",2689,1
7.8,7.8,7.8,7.4,7.8,7.8,7.8,7.8,7.8,7.8,7.8,7.8,8.200000000000001,8.200000000000001,8.600000000000001,9.0,8.200000000000001,9.0,9.0,9.0,9.4,9.4,9.0,9.0,8.600000000000001,8.600000000000001,8.200000000000001,8.200000000000001,8.200000000000001,8.600000000000001,8.600000000000001,8.600000000000001,8.600000000000001,8.600000000000001,8.600000000000001,8.200000000000001,8.600000000000001,8.600000000000001,9.4,9.4,8.600000000000001,9.0,9.0,9.0,8.600000000000001,8.200000000000001,8.200000000000001,7.8,7.8,7.8,7.8,7.8,7.399999999999999,"(41.6897174,2.4898404)",1065,9
7.4,7.399999999999999,6.6000000000000005,4.6,7.6,7.8,7.8,7.8,7.8,8.600000000000001,7.4,6.6000000000000005,7.8,8.600000000000001,9.0,6.2,9.0,9.4,9.4,9.4,9.4,9.4,8.600000000000001,8.600000000000001,8.600000000000001,8.200000000000001,8.200000000000001,8.200000000000001,8.0,7.8,7.8,7.6,8.200000000000001,8.200000000000001,8.600000000000001,8.600000000000001,8.600000000000001,9.0,9.4,9.4,9.4,9.4,9.0,9.0,7.8,7.8,7.8,7.000000000000001,4.6000000000000005,7.000000000000001,7.000000000000001,7.8,7.8,"(39.07256604,-0.26721943)",7245,10
7.0,5.8,6.4,5.6,4.0,5.2,7.200000000000001,7.000000000000001,5.6,6.4,7.8,6.6000000000000005,7.200000000000001,7.6,7.8,9.0,7.4,8.600000000000001,8.600000000000001,7.4,9.0,9.0,9.0,8.600000000000001,9.4,9.4,9.4,9.4,9.0,9.4,9.4,9.4,9.4,9.0,9.0,9.4,8.600000000000001,9.4,9.0,7.8,9.0,9.0,8.600000000000001,7.8,4.0,7.4,6.2,6.2,6.2,4.4,7.8,7.4,3.6,"(43.31451965,-2.68146436)",7544,16
7.0,7.0,7.0,6.2,7.399999999999999,7.0,7.399999999999999,7.399999999999999,7.399999999999999,7.199999999999999,7.8,7.8,7.8,7.4,7.8,8.600000000000001,6.6000000000000005,8.4,8.8,9.0,8.8,8.600000000000001,9.0,8.0,9.0,8.600000000000001,8.0,7.6,7.6,8.0,8.200000000000001,8.200000000000001,8.0,8.200000000000001,7.8,9.0,9.0,9.4,8.600000000000001,8.600000000000001,9.0,8.600000000000001,8.600000000000001,7.8,7.8,7.399999999999999,7.0,7.399999999999999,7.399999999999999,7.0,7.399999999999999,7.0,7.0,"(42.10328874,1.8440247)",887,9
4.8,5.6,4.000000000000001,5.199999999999999,3.6,3.2000000000000006,5.199999999999999,5.6,3.6,4.8,5.6,5.6,4.8,5.6,5.6,6.4,5.6,5.6,6.0,6.0,6.4,6.800000000000001,6.4,6.4,7.200000000000001,6.800000000000001,7.6,7.2,7.6,7.6,7.2,7.6,7.2,7.6,7.2,7.6,7.2,7.6,7.2,6.800000000000001,6.800000000000001,6.4,6.0,6.0,4.800000000000001,5.6,4.800000000000001,5.6,5.6,5.199999999999999,5.199999999999999,4.8,3.2,"(43.66074911,-7.597307264)",4298,0
5.4,6.6000000000000005,4.6,6.2,4.2,4.6,5.8,7.0,5.4,5.8,8.0,7.8,7.8,7.000000000000001,7.000000000000001,7.4,7.200000000000001,7.4,6.6000000000000005,9.2,8.8,9.2,8.8,9.2,9.6,9.6,9.6,8.8,9.6,9.6,9.6,9.6,9.6,9.6,9.6,9.6,9.6,7.0,8.8,8.8,8.600000000000001,5.4,7.0,6.2,5.8,6.2,6.2,7.0,6.6000000000000005,4.2,4.2,6.2,4.6,"(42.78519846,-8.887824814)",2189,12
7.399999999999999,7.399999999999999,7.399999999999999,7.199999999999999,7.199999999999999,6.4,7.399999999999999,7.399999999999999,7.199999999999999,7.199999999999999,8.200000000000001,7.8,7.8,7.8,8.200000000000001,8.200000000000001,8.200000000000001,9.0,9.0,9.0,9.4,9.4,9.0,9.0,8.600000000000001,8.200000000000001,7.8,7.8,7.8,7.8,7.8,8.200000000000001,8.200000000000001,7.8,8.200000000000001,8.200000000000001,8.600000000000001,9.4,9.4,9.4,9.0,8.600000000000001,8.600000000000001,8.200000000000001,7.6,7.8,7.399999999999999,7.399999999999999,7.399999999999999,7.399999999999999,7.399999999999999,7.399999999999999,7.8,"(40.68131412,-3.97279774)",4389,13
6.6000000000000005,7.0,7.0,7.0,6.2,6.4,7.399999999999999,7.399999999999999,7.399999999999999,7.199999999999999,7.199999999999999,7.199999999999999,7.199999999999999,7.0,7.8,8.200000000000001,7.4,8.200000000000001,8.600000000000001,8.600000000000001,9.0,8.8,9.0,9.4,9.4,9.0,8.200000000000001,8.4,8.600000000000001,8.200000000000001,8.200000000000001,8.600000000000001,8.600000000000001,8.600000000000001,8.600000000000001,9.4,9.0,9.0,9.0,9.0,8.600000000000001,7.8,8.200000000000001,7.8,6.6000000000000005,7.399999999999999,7.0,7.399999999999999,7.399999999999999,6.6000000000000005,7.399999999999999,7.399999999999999,7.6461538461538465,"(42.57073634,-0.54955746)",3421,2
6.800000000000001,5.4,6.2,4.6,4.6,5.4,7.4,5.4,5.8,6.2,7.000000000000001,7.000000000000001,7.000000000000001,7.000000000000001,7.200000000000001,9.0,7.6,8.8,9.0,7.6,9.2,8.8,9.2,8.8,9.6,9.6,9.6,9.6,9.6,9.6,9.6,9.6,9.6,9.2,9.6,9.6,9.6,9.6,8.8,8.4,8.8,8.8,8.8,7.200000000000001,4.6000000000000005,7.200000000000001,6.4,5.8,6.800000000000001,5.0,7.399999999999999,6.6000000000000005,4.6,"(43.17827102,-2.31225807)",3165,16
7.399999999999999,7.399999999999999,7.399999999999999,7.399999999999999,7.199999999999999,7.199999999999999,7.6,7.6,7.200000000000001,7.6,8.0,7.6,8.0,8.4,8.8,8.8,8.8,9.4,9.4,9.2,8.8,8.4,8.0,8.0,7.6,7.6,7.199999999999999,6.800000000000001,7.199999999999999,6.800000000000001,6.800000000000001,6.800000000000001,7.199999999999999,7.199999999999999,7.399999999999999,7.8,8.600000000000001,8.600000000000001,8.600000000000001,9.0,9.4,9.0,9.0,9.0,7.8,7.8,7.4,7.399999999999999,7.8,7.199999999999999,7.399999999999999,7.399999999999999,7.199999999999999,"(37.78628089,-3.61182745)",3573,1
7.0,7.0,7.0,6.2,4.800000000000001,5.6,7.4,7.0,6.0,6.800000000000001,7.399999999999999,7.0,7.6,7.8,7.8,8.200000000000001,7.8,8.200000000000001,8.600000000000001,7.4,8.200000000000001,8.600000000000001,9.0,8.200000000000001,9.0,9.0,9.0,9.4,9.4,9.4,9.4,9.4,9.4,9.4,9.4,9.0,8.200000000000001,9.4,8.600000000000001,7.8,9.0,8.600000000000001,8.200000000000001,7.4,4.800000000000001,6.6000000000000005,6.6000000000000005,6.2,6.2,5.4,7.8,7.000000000000001,3.6,"(43.40966667,-3.414166667)",5812,6
7.399999999999999,7.399999999999999,7.399999999999999,6.6000000000000005,6.2,6.2,7.399999999999999,7.399999999999999,7.0,7.8,7.8,7.399999999999999,7.8,7.8,7.8,8.200000000000001,7.8,8.600000000000001,8.600000000000001,8.200000000000001,8.600000000000001,9.0,9.0,9.0,9.0,9.4,9.4,9.4,9.4,9.4,9.4,9.4,9.4,9.4,9.4,9.0,9.0,9.4,9.0,9.0,9.0,8.200000000000001,8.200000000000001,7.8,7.000000000000001,7.4,7.399999999999999,7.399999999999999,7.0,7.0,7.399999999999999,7.399999999999999,5.0,"(43.15927913,-5.82960591)",5027,3
7.6,7.6,7.399999999999999,7.399999999999999,7.399999999999999,7.0,7.8,8.0,7.8,7.8,8.600000000000001,7.8,8.600000000000001,8.600000000000001,9.0,9.0,9.0,9.4,9.0,9.0,8.600000000000001,8.600000000000001,8.200000000000001,8.200000000000001,8.200000000000001,7.8,7.399999999999999,7.0,7.399999999999999,7.399999999999999,7.0,7.399999999999999,7.399999999999999,7.399999999999999,7.8,7.8,8.200000000000001,8.600000000000001,8.600000000000001,8.600000000000001,9.4,9.4,9.4,9.0,7.8,7.8,7.4,7.399999999999999,8.0,7.399999999999999,7.399999999999999,7.8,7.399999999999999,"(38.10893521,-3.08623926)",3606,1
7.199999999999999,7.199999999999999,7.199999999999999,7.0,7.4,7.4,7.6,7.6,7.4,8.200000000000001,7.800000000000001,7.4,8.200000000000001,8.200000000000001,8.6,8.200000000000001,8.6,9.2,8.8,9.2,9.0,8.6,8.200000000000001,7.800000000000001,7.800000000000001,7.4,7.4,7.4,7.4,7.0,7.0,7.0,7.4,7.4,8.0,8.0,8.200000000000001,8.4,8.4,8.8,9.2,9.2,9.4,8.8,8.4,8.0,7.6,7.6,7.6,7.6,7.8,7.6,7.0,"(38.59657643,-0.67026538)",190,10
7.0,7.0,6.2,3.8,3.8,5.0,7.0,6.6000000000000005,6.2,6.2,7.399999999999999,6.2,6.6000000000000005,6.6000000000000005,7.4,7.4,7.0,8.200000000000001,7.8,7.8,8.200000000000001,8.600000000000001,9.0,8.200000000000001,9.0,9.0,9.4,9.4,9.4,9.4,9.4,9.4,9.4,9.4,9.4,9.0,8.600000000000001,9.0,9.2,8.600000000000001,8.600000000000001,6.6000000000000005,7.4,7.000000000000001,5.4,5.8,6.6000000000000005,6.6000000000000005,6.2,5.4,6.6000000000000005,7.399999999999999,3.4000000000000004,"(43.16103558,-5.63476777)",4996,3
7.399999999999999,7.0,7.399999999999999,6.2,5.8,7.0,7.8,7.0,6.6000000000000005,7.000000000000001,7.8,7.399999999999999,7.4,7.8,7.8,9.0,7.8,8.600000000000001,9.0,8.600000000000001,9.0,9.0,9.4,9.0,9.4,9.4,9.0,9.4,9.0,8.600000000000001,9.0,9.0,9.4,8.600000000000001,9.0,9.4,9.4,9.4,9.4,9.0,9.0,8.600000000000001,9.0,8.200000000000001,6.6000000000000005,7.4,6.6000000000000005,7.0,7.399999999999999,6.2,7.399999999999999,7.399999999999999,5.4,"(43.05427776,-3.00007326)",1,16
8.0,7.8,6.6000000000000005,6.4,8.0,7.6,7.8,7.8,8.8,8.8,9.0,8.200000000000001,9.0,9.0,9.0,8.200000000000001,9.0,9.4,9.0,9.4,9.0,9.0,8.200000000000001,8.200000000000001,8.200000000000001,7.8,7.8,7.399999999999999,7.8,7.399999999999999,7.399999999999999,7.399999999999999,7.8,7.8,7.4,7.8,7.4,8.200000000000001,8.600000000000001,8.600000000000001,9.4,9.4,9.4,9.4,9.0,9.0,8.600000000000001,7.8,7.000000000000001,8.200000000000001,8.200000000000001,7.8,8.600000000000001,"(38.84201714,-0.11803172)",238,10
7.399999999999999,7.8,7.399999999999999,7.199999999999999,7.6,7.6,7.8,7.6,8.0,8.4,8.8,8.200000000000001,8.6,8.6,8.8,9.0,8.6,8.8,8.4,8.200000000000001,8.4,7.800000000000001,7.4,7.4,7.199999999999999,7.0,6.800000000000001,6.200000000000001,6.200000000000001,6.0,6.0,6.4,6.4,6.4,7.199999999999999,7.6,8.0,8.0,8.0,8.0,8.4,9.2,9.4,9.0,8.4,8.600000000000001,7.8,7.8,7.8,7.8,7.8,7.8,7.399999999999999,"(37.28611488,-3.88172313)",2771,1
6.6000000000000005,7.399999999999999,6.6000000000000005,5.4,4.4,4.800000000000001,7.8,7.0,6.4,6.800000000000001,7.8,6.6000000000000005,7.4,7.4,7.8,8.600000000000001,7.8,8.600000000000001,8.600000000000001,7.8,8.600000000000001,9.0,8.600000000000001,8.600000000000001,9.0,9.0,9.4,9.4,9.4,9.4,9.4,9.4,9.4,9.4,9.4,9.4,9.4,9.4,9.0,9.0,9.0,7.8,8.600000000000001,7.8,6.6000000000000005,6.2,7.4,7.0,7.000000000000001,6.6000000000000005,7.0,7.0,3.6,"(43.38929203,-6.06990452)",5020,3
5.4,6.6000000000000005,4.6,6.2,4.2,4.6,5.8,7.0,5.4,5.8,8.0,7.8,7.8,7.000000000000001,7.000000000000001,7.4,7.200000000000001,7.4,6.6000000000000005,9.2,8.8,9.2,8.8,9.2,9.6,9.6,9.6,8.8,9.6,9.6,9.6,9.6,9.6,9.6,9.6,9.6,9.6,7.0,8.8,8.8,8.600000000000001,5.4,7.0,6.2,5.8,6.2,6.2,7.0,6.6000000000000005,4.2,4.2,6.2,4.6,"(43.03653809,-8.820120408)",2208,12
7.0,7.0,7.0,7.0,6.6000000000000005,7.0,7.399999999999999,7.399999999999999,7.399999999999999,7.399999999999999,7.8,7.8,7.8,7.8,7.8,9.0,7.000000000000001,8.600000000000001,8.600000000000001,9.0,9.0,8.600000000000001,9.0,9.4,9.0,8.600000000000001,8.200000000000001,8.200000000000001,8.200000000000001,7.8,7.8,8.200000000000001,8.600000000000001,8.200000000000001,8.600000000000001,8.600000000000001,9.4,9.4,9.4,9.0,9.0,8.200000000000001,9.0,7.8,7.399999999999999,7.399999999999999,7.0,7.399999999999999,7.399999999999999,6.6000000000000005,7.399999999999999,7.399999999999999,6.6000000000000005,"(42.51870902,-0.36403034)",3465,2
7.0,7.0,7.0,7.0,6.800000000000001,6.800000000000001,7.0,7.399999999999999,7.199999999999999,7.199999999999999,7.399999999999999,7.199999999999999,7.199999999999999,7.399999999999999,7.8,7.8,7.6,8.200000000000001,8.600000000000001,9.0,9.0,9.0,9.4,9.4,9.0,9.0,8.600000000000001,8.200000000000001,8.200000000000001,8.200000000000001,8.200000000000001,8.200000000000001,8.200000000000001,8.600000000000001,8.600000000000001,9.0,9.4,9.0,9.4,9.0,8.600000000000001,7.4,7.8,7.8,7.199999999999999,7.399999999999999,7.0,7.0,7.0,7.0,7.0,7.0,7.76923076923077,"(40.75294194,-3.78826026)",4438,13
6.6000000000000005,6.800000000000001,6.6000000000000005,5.800000000000001,5.800000000000001,6.000000000000001,6.6000000000000005,7.199999999999999,7.0,6.6000000000000005,7.199999999999999,7.199999999999999,7.0,7.0,7.199999999999999,7.200000000000001,7.199999999999999,7.6,7.6,7.6,7.6,8.0,8.4,8.0,9.0,8.8,8.8,8.8,8.8,9.2,9.2,9.2,9.2,9.2,9.2,8.8,8.8,8.8,8.8,8.0,8.0,7.6,6.600000000000001,7.6,6.6000000000000005,7.199999999999999,7.199999999999999,6.800000000000001,6.800000000000001,6.800000000000001,6.200000000000001,6.800000000000001,6.961538461538463,"(43.00105556,-4.137972222)",5836,6
6.6000000000000005,6.2,7.0,5.4,3.4000000000000004,4.4,7.0,5.8,6.0,6.800000000000001,7.8,7.0,6.800000000000001,7.8,7.8,8.600000000000001,7.8,8.600000000000001,8.600000000000001,8.200000000000001,9.0,8.600000000000001,9.4,9.0,9.0,9.4,9.4,9.4,9.4,9.4,9.4,9.4,9.4,9.4,9.4,9.0,8.200000000000001,9.0,9.0,9.0,9.0,9.0,8.600000000000001,6.6000000000000005,6.4,7.4,5.0,5.8,7.0,7.0,7.399999999999999,7.0,7.6,"(43.2133741,-3.12995548)",7594,16
6.800000000000001,6.4,6.6000000000000005,6.200000000000001,4.800000000000001,5.800000000000001,7.0,6.800000000000001,6.200000000000001,6.6000000000000005,7.199999999999999,7.0,7.4,7.6,7.8,8.200000000000001,7.4,7.6,8.0,7.200000000000001,8.200000000000001,8.200000000000001,9.0,9.0,9.0,9.0,9.0,9.0,9.4,9.4,9.4,9.4,9.4,9.4,9.4,9.0,9.0,9.4,9.0,8.600000000000001,8.8,8.4,8.600000000000001,7.200000000000001,5.6000000000000005,6.800000000000001,6.0,6.4,6.800000000000001,5.800000000000001,7.199999999999999,6.6000000000000005,3.2,"(43.32083031,-2.42042611)",7571,16
5.2,7.199999999999999,5.4,6.6000000000000005,4.4,5.2,6.0,7.6,5.6,5.6,7.6,7.6,6.800000000000001,6.0,7.8,8.600000000000001,7.8,8.4,8.600000000000001,9.0,8.8,9.4,9.0,9.0,9.4,9.4,9.0,8.4,8.600000000000001,8.600000000000001,8.600000000000001,8.600000000000001,9.0,8.4,8.8,9.2,9.2,8.200000000000001,9.0,9.0,8.600000000000001,6.800000000000001,8.0,6.2,5.0,7.200000000000001,6.800000000000001,7.6,7.000000000000001,5.8,5.4,6.0,4.6,"(42.73732717,-8.6604106)",2196,12
6.6000000000000005,6.6000000000000005,6.0,5.2,4.4,6.200000000000001,7.6,6.6000000000000005,6.0,7.200000000000001,7.399999999999999,6.2,7.200000000000001,7.6,7.8,8.0,7.8,7.8,7.8,7.4,8.200000000000001,8.200000000000001,8.600000000000001,7.8,8.600000000000001,9.0,9.0,9.0,9.4,9.4,9.0,9.4,9.0,9.4,9.4,8.600000000000001,8.600000000000001,9.0,8.600000000000001,7.8,8.600000000000001,7.8,7.4,7.4,5.6,7.4,6.0,6.2,6.2,5.6,7.399999999999999,7.0,3.4000000000000004,"(43.30894444,-4.236861111)",5789,6
7.6,7.6,7.200000000000001,7.0,6.800000000000001,7.6,7.6,7.6,5.800000000000001,7.000000000000001,8.4,7.4,8.0,7.200000000000001,8.0,8.4,8.0,8.8,9.0,9.0,9.2,8.6,8.200000000000001,8.200000000000001,7.800000000000001,7.6,7.4,7.4,7.0,7.0,6.6000000000000005,7.0,7.0,7.0,7.0,7.6,7.800000000000001,8.4,8.4,8.4,9.2,7.199999999999999,7.8,8.8,7.000000000000001,7.6,7.200000000000001,6.800000000000001,7.6,6.4,6.0,7.8,6.4,"(37.8894945,-6.56158282)",3243,1
7.399999999999999,7.8,7.399999999999999,7.399999999999999,7.199999999999999,7.199999999999999,7.8,7.8,7.200000000000001,7.8,8.600000000000001,7.6,8.200000000000001,8.4,9.0,9.0,8.8,9.4,9.4,9.2,9.4,8.8,8.4,8.4,8.200000000000001,8.0,7.8,7.399999999999999,7.399999999999999,7.399999999999999,7.399999999999999,7.399999999999999,7.399999999999999,7.399999999999999,7.399999999999999,7.8,8.200000000000001,8.600000000000001,8.600000000000001,8.600000000000001,9.0,8.600000000000001,9.4,9.0,8.200000000000001,8.600000000000001,7.4,7.4,8.200000000000001,7.8,7.8,7.8,7.8,"(36.93513981,-5.26815266)",1794,1
6.800000000000001,6.2,6.2,4.2,4.2,5.8,7.4,5.8,4.6,7.000000000000001,7.4,7.4,7.000000000000001,7.000000000000001,7.8,9.0,7.000000000000001,8.200000000000001,9.0,7.4,8.600000000000001,8.0,8.600000000000001,8.200000000000001,9.6,9.4,9.0,9.0,9.4,9.6,9.4,9.6,9.4,9.0,9.0,9.4,9.6,9.6,9.2,8.8,9.0,9.0,9.2,7.4,4.6000000000000005,7.4,6.6000000000000005,6.4,7.2,4.6,7.399999999999999,6.6000000000000005,5.4,"(43.14547597,-1.51610308)",4679,15
6.4,6.800000000000001,7.0,5.4,5.4,7.0,7.8,7.8,7.8,7.4,7.0,7.0,7.8,7.8,7.4,9.0,7.4,9.0,9.0,8.8,9.4,9.2,9.2,8.8,9.6,8.600000000000001,8.8,9.2,9.2,8.8,8.8,8.8,9.2,8.4,8.0,9.6,9.6,8.600000000000001,9.2,8.8,9.4,8.8,7.8,7.000000000000001,5.0,7.4,6.6000000000000005,6.6000000000000005,7.2,3.8,7.399999999999999,6.6000000000000005,,"(42.89495157,-2.17054551)",4638,15
7.8,7.6,7.399999999999999,7.399999999999999,7.399999999999999,7.399999999999999,7.8,7.8,7.8,7.8,8.200000000000001,7.8,8.200000000000001,8.600000000000001,8.600000000000001,9.0,9.0,9.4,9.4,9.4,9.4,9.4,9.0,9.0,8.600000000000001,8.200000000000001,7.8,7.8,8.200000000000001,7.8,7.8,7.8,7.8,8.200000000000001,8.600000000000001,8.600000000000001,9.0,9.4,9.4,9.4,9.4,9.0,9.0,8.600000000000001,8.200000000000001,8.200000000000001,8.200000000000001,8.200000000000001,8.200000000000001,7.8,8.0,7.8,7.8,"(37.91223066,-3.00134534)",3544,1
7.8,7.8,7.8,8.200000000000001,8.200000000000001,8.200000000000001,7.8,7.8,8.600000000000001,9.0,8.600000000000001,8.600000000000001,9.0,9.0,9.0,9.0,9.0,9.4,9.4,9.4,9.4,9.4,8.600000000000001,8.600000000000001,8.600000000000001,8.200000000000001,8.200000000000001,8.600000000000001,8.200000000000001,7.8,7.8,7.8,8.200000000000001,8.200000000000001,8.200000000000001,8.200000000000001,8.200000000000001,8.600000000000001,8.600000000000001,8.600000000000001,9.0,9.4,9.4,9.4,9.0,9.0,8.600000000000001,8.200000000000001,8.200000000000001,8.200000000000001,8.200000000000001,8.200000000000001,7.8,"(38.53902509,-0.50791278)",220,10
7.199999999999999,6.0,6.200000000000001,6.0,4.0,5.4,7.000000000000001,6.200000000000001,5.6000000000000005,6.400000000000001,7.6,7.200000000000001,7.4,7.800000000000001,7.6,8.8,7.6,8.8,8.4,8.4,8.6,8.8,9.2,8.4,9.2,9.2,9.2,9.2,9.2,8.8,8.8,8.8,9.2,8.8,8.4,9.2,8.8,9.2,9.2,8.4,9.2,8.8,8.8,8.0,5.800000000000001,6.800000000000001,6.0,6.4,7.4,6.200000000000001,7.6,7.6,4.0,"(43.291325,-2.88697)",7596,16
5.8,7.399999999999999,5.6,6.800000000000001,5.6,3.6,6.6000000000000005,6.800000000000001,4.4,4.800000000000001,7.199999999999999,6.800000000000001,6.800000000000001,5.2,5.0,6.2,6.800000000000001,7.200000000000001,7.200000000000001,8.0,8.0,8.4,8.8,8.8,9.4,9.4,9.4,8.600000000000001,9.0,8.600000000000001,8.600000000000001,8.600000000000001,9.4,9.0,9.0,9.4,9.0,5.8,9.0,9.0,6.0,4.6,4.2,6.2,5.6,6.0,5.2,5.2,7.399999999999999,5.8,3.6,7.0,4.561538461538461,"(40.20868842,-5.0911461)",392,0
7.399999999999999,7.399999999999999,6.4,5.4,4.6,5.6,7.6,6.6000000000000005,7.4,7.000000000000001,7.8,6.2,7.8,7.4,7.8,9.0,7.4,8.600000000000001,8.600000000000001,8.200000000000001,8.600000000000001,8.600000000000001,9.0,8.600000000000001,9.0,9.4,9.4,9.4,9.4,9.4,9.4,9.4,9.4,9.4,9.4,9.4,8.600000000000001,9.4,9.0,9.0,9.0,8.200000000000001,8.200000000000001,8.600000000000001,6.2,7.000000000000001,6.2,6.6000000000000005,6.6000000000000005,7.0,7.0,7.8,4.0,"(43.34839001,-5.12749781)",5006,3
7.4,7.8,7.6,7.4,7.2,7.4,7.4,7.6,7.4,8.0,8.0,7.4,8.200000000000001,8.200000000000001,8.4,8.8,8.6,8.8,9.2,8.8,9.2,9.2,9.2,8.8,8.8,8.4,8.4,8.600000000000001,8.600000000000001,8.200000000000001,8.200000000000001,8.600000000000001,8.200000000000001,8.600000000000001,8.600000000000001,8.600000000000001,8.4,8.8,9.2,9.4,9.4,9.2,9.0,8.8,8.6,8.4,7.200000000000001,7.6,8.0,7.800000000000001,8.0,7.6,7.2,"(36.90119925,-3.42391088)",2806,1
7.0,7.0,7.0,6.6000000000000005,6.6000000000000005,6.6000000000000005,7.399999999999999,7.399999999999999,7.399999999999999,7.8,7.8,7.399999999999999,7.8,7.8,7.8,9.0,7.8,8.600000000000001,9.0,9.0,9.0,9.0,9.4,9.4,9.4,9.0,8.600000000000001,9.0,8.200000000000001,8.200000000000001,8.600000000000001,8.600000000000001,8.600000000000001,8.200000000000001,8.600000000000001,9.4,9.4,9.4,9.4,9.0,9.0,8.200000000000001,8.600000000000001,8.200000000000001,7.0,7.399999999999999,7.399999999999999,7.0,7.0,7.0,7.399999999999999,7.0,6.2,"(42.92852281,-3.48750314)",1337,0
5.6000000000000005,5.6000000000000005,5.6000000000000005,4.4,5.2,5.2,6.6000000000000005,6.6000000000000005,5.6000000000000005,6.0,6.8,5.6000000000000005,6.4,6.000000000000001,7.199999999999999,6.800000000000001,7.0,7.4,7.4,7.4,7.4,6.600000000000001,8.4,8.6,8.8,8.8,8.8,8.8,8.8,9.2,9.2,9.2,8.8,8.8,8.8,8.8,8.4,8.8,8.0,7.800000000000001,7.6,7.200000000000001,7.4,7.4,5.6000000000000005,6.8,6.4,5.2,6.4,5.6000000000000005,6.6000000000000005,6.6000000000000005,6.484615384615385,"(40.6361383,0.28236554)",6423,9
7.6,7.6,7.6,7.000000000000001,7.4,7.4,7.6,7.6,7.6,8.0,7.6,7.200000000000001,8.0,7.6,8.4,8.600000000000001,8.8,8.8,9.2,8.8,9.2,9.2,9.4,8.8,9.2,8.4,8.200000000000001,8.200000000000001,8.200000000000001,8.200000000000001,8.0,8.0,8.600000000000001,8.600000000000001,8.4,8.4,8.4,8.600000000000001,9.0,9.2,9.4,7.6,9.4,8.8,8.6,8.4,8.0,7.6,7.6,7.6,7.6,7.6,7.6,"(40.22098739,0.19581098)",1925,10
6.2,7.0,5.8,7.0,5.0,5.4,7.0,7.399999999999999,6.6000000000000005,6.6000000000000005,7.8,7.0,7.4,7.4,7.8,8.600000000000001,7.8,8.600000000000001,8.600000000000001,8.600000000000001,9.0,9.0,9.0,9.0,9.0,9.4,9.4,9.4,9.0,9.0,9.0,9.4,9.4,9.0,9.0,9.4,9.4,9.4,9.0,9.0,8.200000000000001,6.6000000000000005,8.200000000000001,7.000000000000001,5.4,6.6000000000000005,6.2,7.399999999999999,7.399999999999999,6.6000000000000005,6.6000000000000005,7.0,5.4,"(43.20732709,-7.398831947)",4243,0
7.0,7.0,6.800000000000001,5.6,5.2,5.800000000000001,7.0,6.800000000000001,6.200000000000001,6.6000000000000005,7.199999999999999,7.199999999999999,7.0,7.0,7.6,7.4,7.199999999999999,7.6,8.0,7.6,8.200000000000001,8.200000000000001,9.0,8.600000000000001,9.4,9.4,8.8,9.4,9.2,9.0,9.4,9.4,9.2,9.2,9.4,9.0,9.0,9.2,9.0,8.600000000000001,8.0,7.6,8.0,7.6,5.6,7.199999999999999,6.200000000000001,6.800000000000001,7.0,5.6,6.800000000000001,7.0,5.800000000000001,"(42.850452,-2.389753)",36,16
6.6000000000000005,7.399999999999999,6.6000000000000005,5.4,4.4,4.800000000000001,7.8,7.0,6.4,6.800000000000001,7.8,6.6000000000000005,7.4,7.4,7.8,8.600000000000001,7.8,8.600000000000001,8.600000000000001,7.8,8.600000000000001,9.0,8.600000000000001,8.600000000000001,9.0,9.0,9.4,9.4,9.4,9.4,9.4,9.4,9.4,9.4,9.4,9.4,9.4,9.4,9.0,9.0,9.0,7.8,8.600000000000001,7.8,6.6000000000000005,6.2,7.4,7.0,7.000000000000001,6.6000000000000005,7.0,7.0,3.6,"(43.40880659,-6.26094697)",5054,3
7.8,7.8,7.8,8.200000000000001,8.200000000000001,8.200000000000001,7.8,7.8,8.600000000000001,9.0,8.600000000000001,8.600000000000001,9.0,9.0,9.0,9.0,9.0,9.4,9.4,9.4,9.4,9.4,8.600000000000001,8.600000000000001,8.600000000000001,8.200000000000001,8.200000000000001,8.600000000000001,8.200000000000001,7.8,7.8,7.8,8.200000000000001,8.200000000000001,8.200000000000001,8.200000000000001,8.200000000000001,8.600000000000001,8.600000000000001,8.600000000000001,9.0,9.4,9.4,9.4,9.0,9.0,8.600000000000001,8.200000000000001,8.200000000000001,8.200000000000001,8.200000000000001,8.200000000000001,7.8,"(38.43949316,-0.63891979)",139,10
6.6000000000000005,6.2,7.0,5.4,3.4000000000000004,4.4,7.0,5.8,6.0,6.800000000000001,7.8,7.0,6.800000000000001,7.8,7.8,8.600000000000001,7.8,8.600000000000001,8.600000000000001,8.200000000000001,9.0,8.600000000000001,9.4,9.0,9.0,9.4,9.4,9.4,9.4,9.4,9.4,9.4,9.4,9.4,9.4,9.0,8.200000000000001,9.0,9.0,9.0,9.0,9.0,8.600000000000001,6.6000000000000005,6.4,7.4,5.0,5.8,7.0,7.0,7.399999999999999,7.0,7.6,"(43.10120829,-3.28210215)",1484,0
7.399999999999999,7.199999999999999,6.800000000000001,6.4,5.2,6.0,6.4,7.199999999999999,6.800000000000001,6.800000000000001,7.199999999999999,7.199999999999999,7.0,6.200000000000001,6.800000000000001,7.200000000000001,7.199999999999999,7.6,7.6,8.0,7.6,8.4,8.8,8.8,9.2,8.8,8.8,8.4,8.8,8.4,8.4,8.8,8.8,8.4,8.8,9.2,9.2,8.4,8.8,9.0,8.0,7.200000000000001,7.200000000000001,7.8,6.0,6.800000000000001,6.800000000000001,6.800000000000001,7.399999999999999,7.0,6.0,7.199999999999999,5.2,"(42.80214837,-5.62816206)",3740,0
6.000000000000001,7.0,4.800000000000001,5.800000000000001,4.0,4.0,5.6000000000000005,7.0,5.6000000000000005,6.000000000000001,7.0,6.6000000000000005,6.4,6.4,7.199999999999999,7.6,7.0,7.2,6.800000000000001,6.800000000000001,7.6,8.0,7.6,7.4,8.4,8.4,8.4,8.8,8.8,8.8,8.8,8.6,8.0,8.8,8.6,8.8,8.4,8.8,8.4,7.800000000000001,7.4,7.000000000000001,7.000000000000001,7.000000000000001,5.6000000000000005,5.800000000000001,5.4,6.6000000000000005,6.0,5.6000000000000005,5.200000000000001,6.8,4.2,"(43.42972589,-7.363834875)",4263,0
8.600000000000001,8.600000000000001,8.600000000000001,9.0,8.4,8.600000000000001,8.200000000000001,8.600000000000001,8.8,9.0,9.0,8.8,9.0,9.0,9.0,9.0,9.0,9.4,9.4,9.4,9.4,9.4,9.4,9.0,9.0,8.600000000000001,8.600000000000001,8.600000000000001,8.600000000000001,8.200000000000001,8.200000000000001,8.200000000000001,8.200000000000001,8.200000000000001,8.600000000000001,8.600000000000001,8.600000000000001,8.600000000000001,9.0,9.0,9.0,9.4,9.4,9.4,9.0,9.0,7.8,8.200000000000001,9.0,9.0,9.0,9.0,8.200000000000001,"(36.90317629,-4.33648163)",4523,1
6.6000000000000005,6.800000000000001,5.6000000000000005,5.4,3.6000000000000005,3.2,6.000000000000001,7.199999999999999,5.6000000000000005,5.6000000000000005,7.199999999999999,6.800000000000001,6.6000000000000005,7.0,7.200000000000001,7.200000000000001,7.0,7.4,7.4,8.0,8.4,8.8,8.8,8.8,8.8,8.8,9.2,9.4,9.2,9.2,9.2,9.2,9.2,9.2,9.2,9.2,8.8,8.8,8.8,8.8,8.4,6.600000000000001,7.6,6.200000000000001,5.800000000000001,5.800000000000001,5.800000000000001,6.800000000000001,6.800000000000001,5.800000000000001,6.200000000000001,6.6000000000000005,4.330769230769231,"(43.12638889,-7.067361111)",4251,0
7.399999999999999,7.399999999999999,7.399999999999999,5.0,7.399999999999999,7.399999999999999,7.8,7.8,7.8,7.8,8.200000000000001,7.4,8.200000000000001,7.8,8.600000000000001,9.0,7.4,9.0,8.600000000000001,9.0,9.4,8.200000000000001,8.200000000000001,7.8,8.600000000000001,8.200000000000001,8.200000000000001,8.200000000000001,8.200000000000001,7.8,7.8,8.200000000000001,8.200000000000001,7.8,8.200000000000001,7.8,9.0,9.0,9.4,8.600000000000001,8.600000000000001,8.600000000000001,9.0,8.8,7.8,7.8,7.8,6.2,7.6,7.6,7.6,7.399999999999999,7.399999999999999,"(42.11759527,2.45692713)",2659,9
8.0,8.0,6.800000000000001,7.200000000000001,7.6,6.800000000000001,8.0,8.0,6.0,8.0,8.4,7.6,8.8,8.4,8.8,9.2,8.4,9.6,9.6,9.6,9.6,9.6,8.8,8.8,8.4,8.4,8.0,8.4,8.0,7.6,7.6,7.6,8.0,8.0,8.0,8.4,8.4,8.8,8.8,8.8,9.6,8.8,9.2,8.8,8.8,8.4,6.0,7.6,8.0,7.200000000000001,7.200000000000001,8.0,8.0,"(36.61781253,-5.34243171)",4526,1
7.8,7.8,7.8,7.399999999999999,7.8,7.4,7.8,7.8,7.4,8.200000000000001,9.0,7.8,8.600000000000001,8.200000000000001,9.0,9.0,9.0,9.4,9.4,8.600000000000001,9.0,8.600000000000001,8.200000000000001,8.200000000000001,7.8,7.8,7.8,7.0,7.399999999999999,7.0,7.0,7.399999999999999,7.8,7.399999999999999,7.8,7.8,8.200000000000001,8.600000000000001,8.200000000000001,8.600000000000001,9.0,8.600000000000001,8.600000000000001,9.0,8.600000000000001,8.600000000000001,8.600000000000001,7.000000000000001,7.8,7.8,7.4,7.8,7.4,"(37.94521471,-6.95381063)",3244,1
6.800000000000001,6.6000000000000005,6.6000000000000005,6.6000000000000005,7.0,6.8,7.0,7.0,6.8,7.2,7.4,7.4,7.2,7.2,7.800000000000001,8.200000000000001,7.4,8.6,8.6,8.4,8.4,8.6,8.6,8.4,8.4,8.0,7.2,8.0,7.6,7.6,7.6,7.6,8.0,7.800000000000001,8.200000000000001,8.6,9.0,9.0,9.0,8.6,8.6,8.6,8.6,7.6,7.2,7.0,7.199999999999999,7.0,7.199999999999999,6.800000000000001,7.0,6.800000000000001,6.8,"(42.67218099,-1.81406821)",4835,15
7.0,5.8,6.6000000000000005,5.0,3.8,5.0,7.4,5.8,6.6000000000000005,7.000000000000001,7.4,7.000000000000001,7.4,7.8,7.8,9.0,8.200000000000001,9.0,8.600000000000001,8.600000000000001,9.0,9.4,9.4,8.200000000000001,9.4,9.4,9.4,9.4,9.0,9.0,9.4,8.600000000000001,9.0,8.600000000000001,8.200000000000001,9.4,8.200000000000001,9.0,9.0,8.600000000000001,9.4,8.200000000000001,8.600000000000001,8.200000000000001,5.8,7.000000000000001,7.4,6.6000000000000005,6.6000000000000005,4.6,7.8,6.6000000000000005,3.8,"(43.25652778,-3.464472222)",5834,6
7.8,7.8,7.6,7.4,7.4,7.4,7.8,7.8,7.6,8.4,8.200000000000001,6.800000000000001,8.0,7.200000000000001,9.0,8.200000000000001,8.8,9.4,9.4,9.2,9.2,9.4,8.600000000000001,8.0,8.600000000000001,8.200000000000001,7.8,7.8,7.6,7.8,7.8,7.8,8.200000000000001,8.200000000000001,8.200000000000001,8.600000000000001,8.600000000000001,8.600000000000001,9.4,9.4,9.4,8.600000000000001,9.4,9.0,8.4,8.200000000000001,7.8,7.4,7.8,7.6,7.8,7.8,7.199999999999999,"(40.17552005,-0.03507496)",1932,10
5.800000000000001,6.4,6.0,5.2,4.4,5.800000000000001,7.199999999999999,6.4,5.6,6.200000000000001,6.6000000000000005,7.0,6.6000000000000005,6.6000000000000005,7.4,7.800000000000001,7.200000000000001,7.4,7.800000000000001,7.4,7.800000000000001,8.4,8.8,8.6,9.0,9.0,8.200000000000001,9.0,8.200000000000001,8.200000000000001,8.200000000000001,8.6,8.6,8.200000000000001,8.6,9.0,9.0,9.2,8.8,8.4,8.4,8.0,8.200000000000001,7.4,4.800000000000001,6.800000000000001,6.800000000000001,6.4,7.199999999999999,4.6000000000000005,7.199999999999999,6.4,6.0,"(42.93030806,-1.50390693)",4727,15
6.8,6.4,5.200000000000001,5.200000000000001,2.4000000000000004,4.800000000000001,6.000000000000001,6.400000000000001,4.0,4.800000000000001,7.2,6.400000000000001,5.6000000000000005,6.4,7.2,7.800000000000001,6.4,6.4,6.4,5.600000000000001,6.4,7.2,6.800000000000001,6.000000000000001,7.2,7.200000000000001,8.0,8.0,8.200000000000001,8.4,8.6,8.4,8.0,8.4,8.200000000000001,8.200000000000001,7.2,8.4,8.0,6.400000000000001,7.6,7.2,7.4,5.200000000000001,2.4000000000000004,5.200000000000001,4.4,6.800000000000001,6.400000000000001,4.4,6.4,6.000000000000001,2.4,"(43.42139025,-2.81421046)",7510,16
6.800000000000001,6.4,6.6000000000000005,4.6000000000000005,6.8,6.4,7.199999999999999,7.199999999999999,7.0,6.8,7.0,7.199999999999999,7.0,6.800000000000001,7.6,7.6,7.200000000000001,7.6,8.4,8.0,9.0,8.0,8.8,9.2,9.4,8.8,8.4,8.0,9.2,8.4,8.0,8.4,8.4,8.4,9.0,9.2,8.8,9.4,8.8,8.8,8.8,6.4,8.200000000000001,7.6,6.4,7.199999999999999,7.199999999999999,6.800000000000001,6.800000000000001,6.4,6.800000000000001,7.199999999999999,6.653846153846155,"(40.61933991,-0.10023042)",1889,10
6.200000000000001,6.800000000000001,6.8,5.800000000000001,5.2,6.000000000000001,7.4,6.800000000000001,6.800000000000001,7.000000000000001,7.6,6.800000000000001,7.4,7.4,7.200000000000001,8.6,7.6,8.200000000000001,8.4,7.6,8.4,8.8,8.8,8.4,8.8,8.8,9.2,9.2,9.2,9.2,9.2,9.2,9.2,9.2,9.2,8.8,8.4,9.2,9.2,8.0,8.8,8.4,8.4,8.0,6.000000000000001,6.600000000000001,6.600000000000001,5.800000000000001,6.4,5.6000000000000005,7.4,7.000000000000001,2.4,"(43.40688889,-3.663305556)",5839,6
6.6000000000000005,6.800000000000001,6.6000000000000005,5.800000000000001,5.6000000000000005,6.4,7.0,6.800000000000001,6.8,7.2,7.4,7.0,7.4,7.4,7.4,8.200000000000001,7.4,7.800000000000001,8.200000000000001,7.800000000000001,8.6,8.8,9.0,8.6,9.0,8.6,8.6,9.0,8.6,8.200000000000001,8.6,8.200000000000001,9.0,8.6,8.200000000000001,9.0,9.0,9.0,8.8,8.8,8.8,8.4,8.4,7.800000000000001,6.600000000000001,7.199999999999999,6.800000000000001,7.199999999999999,7.199999999999999,6.200000000000001,7.0,6.6000000000000005,5.6000000000000005,"(42.95597763,-2.81862854)",48,16
6.6000000000000005,5.4,6.2,4.6000000000000005,4.2,5.8,7.399999999999999,6.2,5.4,6.2,7.0,7.399999999999999,7.000000000000001,7.4,7.4,9.0,7.8,8.600000000000001,9.0,8.200000000000001,9.0,8.600000000000001,9.0,9.0,9.4,9.0,8.600000000000001,9.0,8.600000000000001,8.600000000000001,8.600000000000001,8.600000000000001,9.0,8.600000000000001,8.600000000000001,9.4,9.4,9.4,9.4,9.0,9.0,8.600000000000001,8.600000000000001,7.4,4.6,7.0,5.8,6.6000000000000005,7.0,4.6000000000000005,7.399999999999999,6.6000000000000005,6.2,"(42.91831211,-1.82803648)",4897,15
7.0,6.800000000000001,7.0,7.199999999999999,6.800000000000001,6.800000000000001,7.199999999999999,7.199999999999999,7.199999999999999,7.4,7.6,7.6,7.800000000000001,6.800000000000001,8.0,8.4,7.200000000000001,8.6,8.8,8.6,9.0,8.6,8.8,9.2,8.4,8.0,8.0,7.800000000000001,7.4,7.4,7.6,8.0,8.4,8.0,8.0,8.4,8.8,8.4,9.2,9.2,8.600000000000001,8.200000000000001,8.600000000000001,8.200000000000001,7.4,7.399999999999999,7.0,7.399999999999999,7.399999999999999,7.399999999999999,7.399999999999999,7.0,7.0,"(42.41711065,0.13960049)",3517,2
7.399999999999999,7.399999999999999,7.399999999999999,7.399999999999999,7.399999999999999,7.399999999999999,7.8,7.8,7.8,8.200000000000001,8.600000000000001,8.200000000000001,8.600000000000001,9.0,9.0,9.0,9.0,9.4,9.4,9.4,8.600000000000001,8.600000000000001,8.200000000000001,8.200000000000001,7.8,7.399999999999999,7.399999999999999,7.399999999999999,7.8,7.8,7.8,7.8,7.8,7.8,7.8,8.200000000000001,8.600000000000001,8.200000000000001,8.600000000000001,8.600000000000001,9.0,9.4,9.4,9.0,8.600000000000001,8.200000000000001,7.8,7.8,7.8,7.8,7.8,7.8,7.399999999999999,"(38.34876359,-2.73825218)",3586,1
6.000000000000001,7.0,4.800000000000001,5.800000000000001,4.0,4.0,5.6000000000000005,7.0,5.6000000000000005,6.000000000000001,7.0,6.6000000000000005,6.4,6.4,7.199999999999999,7.6,7.0,7.2,6.800000000000001,6.800000000000001,7.6,8.0,7.6,7.4,8.4,8.4,8.4,8.8,8.8,8.8,8.8,8.6,8.0,8.8,8.6,8.8,8.4,8.8,8.4,7.800000000000001,7.4,7.000000000000001,7.000000000000001,7.000000000000001,5.6000000000000005,5.800000000000001,5.4,6.6000000000000005,6.0,5.6000000000000005,5.200000000000001,6.8,4.2,"(43.34755556,-7.1925)",4280,0
5.4,7.0,5.6,5.6,4.0,3.8000000000000007,6.4,6.800000000000001,5.0,6.0,6.800000000000001,6.0,6.800000000000001,6.0,5.8,5.2,7.0,7.000000000000001,7.000000000000001,7.4,8.600000000000001,9.0,9.0,9.0,9.4,9.4,9.4,8.600000000000001,8.600000000000001,8.600000000000001,8.600000000000001,8.600000000000001,8.600000000000001,8.600000000000001,9.0,9.0,9.0,7.0,9.0,9.0,6.6000000000000005,4.6,5.8,5.8,4.4,5.8,4.2,3.6,7.199999999999999,5.2,5.0,6.800000000000001,5.2,"(40.19403446,-5.80658855)",1582,11
7.399999999999999,7.0,7.0,7.0,6.800000000000001,6.800000000000001,7.0,7.0,7.199999999999999,7.399999999999999,7.399999999999999,7.399999999999999,7.399999999999999,7.399999999999999,7.399999999999999,7.8,7.8,7.8,8.600000000000001,7.8,7.8,8.200000000000001,9.0,9.0,9.0,9.0,9.0,9.0,9.0,9.0,9.0,9.4,9.0,9.0,9.0,9.0,9.0,9.0,9.0,8.600000000000001,8.200000000000001,7.8,7.8,7.399999999999999,7.399999999999999,7.399999999999999,7.399999999999999,7.0,7.0,7.0,7.0,7.0,7.399999999999999,"(42.32594879,-3.014411)",4120,17
7.0,6.2,5.800000000000001,4.0,3.8,5.4,6.800000000000001,5.0,5.2,6.4,7.399999999999999,6.2,6.800000000000001,7.200000000000001,7.4,8.600000000000001,7.8,8.200000000000001,8.600000000000001,7.8,8.600000000000001,8.600000000000001,9.0,8.600000000000001,9.0,9.0,9.4,9.4,9.4,9.4,9.4,9.4,9.4,9.4,9.4,9.0,8.200000000000001,9.4,9.0,9.0,9.0,7.8,8.200000000000001,7.8,4.6000000000000005,6.6000000000000005,6.800000000000001,5.8,6.6000000000000005,5.2,7.199999999999999,6.800000000000001,4.0,"(43.21258333,-3.939277778)",5803,6
4.6,7.399999999999999,3.8,4.6000000000000005,4.2,3.4000000000000004,5.4,7.399999999999999,3.8,5.0,7.000000000000001,5.0,7.399999999999999,5.0,6.6000000000000005,7.4,6.6000000000000005,9.0,9.0,8.600000000000001,9.0,9.0,9.4,9.4,9.4,9.0,8.600000000000001,8.200000000000001,8.200000000000001,8.200000000000001,8.200000000000001,8.200000000000001,8.200000000000001,8.200000000000001,8.600000000000001,8.600000000000001,9.4,9.4,9.4,9.4,8.600000000000001,5.8,8.200000000000001,6.6000000000000005,6.2,6.2,3.8,5.4,7.399999999999999,5.4,3.8,5.4,4.6000000000000005,"(36.75954041,-5.36966273)",1789,1
6.800000000000001,7.399999999999999,6.400000000000001,5.800000000000001,4.0,5.800000000000001,6.600000000000001,7.6,5.800000000000001,5.800000000000001,7.4,7.8,8.4,7.4,8.0,6.800000000000001,7.8,7.4,6.800000000000001,8.0,8.8,9.2,8.8,7.200000000000001,8.4,9.0,9.0,9.4,9.0,9.2,9.6,9.4,5.8,8.4,9.2,9.6,8.8,9.4,7.6,7.8,8.0,5.4,7.200000000000001,6.600000000000001,5.6,4.6000000000000005,6.4,6.800000000000001,6.800000000000001,4.0,3.4000000000000004,6.800000000000001,4.2,"(43.33437119,-8.055871064)",2182,12
7.399999999999999,7.399999999999999,6.4,5.8,5.2,6.0,7.199999999999999,7.0,6.800000000000001,7.200000000000001,7.399999999999999,7.0,7.200000000000001,7.8,7.4,8.600000000000001,7.8,8.200000000000001,8.200000000000001,7.4,8.200000000000001,8.600000000000001,8.600000000000001,8.600000000000001,9.0,9.0,9.0,9.4,9.4,9.4,9.4,9.4,9.4,9.4,9.4,9.0,9.0,9.4,9.0,9.0,9.0,7.000000000000001,7.8,7.4,6.4,7.000000000000001,6.6000000000000005,7.0,6.6000000000000005,6.2,7.399999999999999,7.399999999999999,4.800000000000001,"(43.30958383,-5.87580874)",5052,3
7.8,8.600000000000001,8.600000000000001,7.8,8.200000000000001,7.8,7.8,7.8,7.8,8.600000000000001,9.0,8.200000000000001,8.600000000000001,9.0,9.0,9.0,9.0,9.4,9.4,9.4,9.0,9.4,9.4,8.600000000000001,8.600000000000001,9.0,8.600000000000001,8.200000000000001,8.200000000000001,8.600000000000001,8.600000000000001,8.200000000000001,8.200000000000001,8.200000000000001,8.600000000000001,9.0,8.600000000000001,9.4,8.200000000000001,9.4,9.4,9.0,9.4,9.0,9.0,9.0,8.600000000000001,7.8,8.200000000000001,8.600000000000001,8.600000000000001,8.600000000000001,7.8,"(36.78802751,-4.94538626)",4511,1
7.399999999999999,7.399999999999999,6.6000000000000005,5.4,4.6000000000000005,3.8,6.6000000000000005,7.399999999999999,6.2,7.0,7.399999999999999,7.399999999999999,7.399999999999999,7.0,7.8,7.8,7.4,8.200000000000001,8.600000000000001,8.600000000000001,9.0,9.0,9.4,9.4,9.4,8.600000000000001,8.600000000000001,8.200000000000001,8.600000000000001,8.200000000000001,8.200000000000001,8.200000000000001,8.600000000000001,8.600000000000001,8.600000000000001,9.0,9.4,9.4,9.0,9.0,9.0,7.6,8.0,7.4,6.2,7.000000000000001,7.0,7.0,7.399999999999999,4.2,7.0,7.0,6.2,"(40.90566571,-3.88095982)",4416,13
7.4,7.8,7.6,7.4,7.2,7.4,7.4,7.6,7.4,8.0,8.0,7.4,8.200000000000001,8.200000000000001,8.4,8.8,8.6,8.8,9.2,8.8,9.2,9.2,9.2,8.8,8.8,8.4,8.4,8.600000000000001,8.600000000000001,8.200000000000001,8.200000000000001,8.600000000000001,8.200000000000001,8.600000000000001,8.600000000000001,8.600000000000001,8.4,8.8,9.2,9.4,9.4,9.2,9.0,8.8,8.6,8.4,7.200000000000001,7.6,8.0,7.800000000000001,8.0,7.6,7.2,"(36.79588888,-3.29721867)",2818,1
5.4,5.0,4.4,3.4000000000000004,3.6,4.0,5.6,4.2,4.0,5.2,6.6000000000000005,5.4,6.0,6.4,5.8,6.800000000000001,6.2,6.6000000000000005,7.4,6.6000000000000005,7.8,7.4,8.600000000000001,6.6000000000000005,8.600000000000001,7.8,9.0,8.600000000000001,9.0,8.600000000000001,9.0,9.0,9.0,9.0,8.200000000000001,8.600000000000001,7.0,9.0,7.4,6.2,7.4,6.2,6.6000000000000005,6.2,3.6,6.6000000000000005,6.4,4.4,5.0,3.6,6.6000000000000005,6.0,3.0,"(43.07635915,-3.55285424)",1274,0
6.800000000000001,7.0,6.800000000000001,6.800000000000001,6.0,6.0,7.0,7.199999999999999,6.800000000000001,7.199999999999999,7.199999999999999,7.199999999999999,7.0,7.199999999999999,7.6,7.6,7.6,7.6,8.600000000000001,8.4,8.8,8.4,9.4,8.4,9.4,9.0,8.600000000000001,9.0,8.600000000000001,8.200000000000001,8.200000000000001,8.200000000000001,8.600000000000001,8.200000000000001,8.600000000000001,9.0,9.4,9.4,9.0,9.0,8.600000000000001,7.8,7.8,7.8,6.800000000000001,7.199999999999999,7.399999999999999,6.800000000000001,7.0,6.4,6.800000000000001,7.0,6.976923076923077,"(41.9799781,-3.04147747)",1398,0
7.0,7.0,6.6000000000000005,6.2,5.0,5.0,7.0,7.399999999999999,6.6000000000000005,6.6000000000000005,7.8,7.0,7.0,7.4,7.8,8.200000000000001,7.8,8.200000000000001,8.600000000000001,8.200000000000001,8.600000000000001,9.2,9.2,9.2,9.2,9.2,9.6,9.6,9.6,9.6,9.4,9.6,9.6,9.6,9.6,9.6,9.2,9.4,9.2,9.0,9.0,7.4,8.200000000000001,7.000000000000001,6.2,6.6000000000000005,6.6000000000000005,7.399999999999999,6.6000000000000005,6.2,6.2,7.0,4.2,"(43.1589266,-6.10291272)",5067,3
6.800000000000001,6.6000000000000005,6.6000000000000005,6.6000000000000005,7.0,6.8,7.0,7.0,6.8,7.2,7.4,7.4,7.2,7.2,7.800000000000001,8.200000000000001,7.4,8.6,8.6,8.4,8.4,8.6,8.6,8.4,8.4,8.0,7.2,8.0,7.6,7.6,7.6,7.6,8.0,7.800000000000001,8.200000000000001,8.6,9.0,9.0,9.0,8.6,8.6,8.6,8.6,7.6,7.2,7.0,7.199999999999999,7.0,7.199999999999999,6.800000000000001,7.0,6.800000000000001,6.8,"(42.72891269,-2.0005221)",4888,15
6.6000000000000005,6.6000000000000005,6.6000000000000005,6.4,6.4,6.4,6.6000000000000005,6.6000000000000005,6.4,6.4,7.0,6.6000000000000005,6.8,7.0,7.0,7.0,7.0,7.4,7.800000000000001,7.4,7.800000000000001,7.4,8.6,8.6,9.2,9.0,9.0,8.6,9.0,8.6,8.200000000000001,8.6,9.0,8.6,9.0,8.8,8.200000000000001,8.8,8.4,8.4,8.0,7.6,7.6,7.199999999999999,6.8,7.199999999999999,6.6000000000000005,6.6000000000000005,6.800000000000001,6.4,6.6000000000000005,6.6000000000000005,6.4,"(40.25239335,-0.75353912)",6704,2
5.6,7.2,6.2,6.2,4.6000000000000005,5.8,7.0,7.399999999999999,5.4,7.0,7.399999999999999,7.399999999999999,7.399999999999999,6.2,7.0,7.4,5.8,7.8,7.000000000000001,7.4,8.200000000000001,8.200000000000001,8.200000000000001,8.600000000000001,9.4,9.0,9.0,9.0,9.4,9.2,9.2,9.4,9.6,9.6,9.6,9.6,9.2,9.0,9.2,8.0,7.4,6.800000000000001,7.000000000000001,6.800000000000001,5.8,7.0,5.4,6.6000000000000005,7.2,6.0,6.4,6.4,6.607692307692307,"(42.77273083,-0.33156802)",3470,2
6.6000000000000005,6.6000000000000005,6.4,6.6000000000000005,6.6000000000000005,6.6000000000000005,6.6000000000000005,6.6000000000000005,6.8,6.8,6.8,7.0,6.8,6.8,7.4,7.000000000000001,7.4,7.4,7.800000000000001,7.800000000000001,8.200000000000001,8.6,9.0,8.6,9.0,8.6,8.200000000000001,8.4,8.200000000000001,7.800000000000001,8.200000000000001,8.200000000000001,8.200000000000001,8.200000000000001,8.6,9.0,9.0,9.0,8.6,8.6,8.200000000000001,7.4,7.800000000000001,7.4,6.8,7.0,6.6000000000000005,6.6000000000000005,6.6000000000000005,6.6000000000000005,6.4,6.6000000000000005,6.6000000000000005,"(42.33032757,-3.53657685)",1314,0
7.399999999999999,7.0,7.0,7.0,7.199999999999999,7.0,7.399999999999999,7.399999999999999,7.399999999999999,7.399999999999999,7.8,7.399999999999999,7.399999999999999,7.399999999999999,7.8,7.8,7.8,8.200000000000001,8.600000000000001,8.600000000000001,9.0,9.0,9.4,9.4,9.4,9.4,9.4,9.0,9.0,9.0,8.200000000000001,8.600000000000001,9.4,8.600000000000001,9.0,9.0,9.4,8.600000000000001,9.4,9.0,8.600000000000001,7.8,7.8,7.8,7.399999999999999,7.399999999999999,7.0,7.0,7.399999999999999,7.0,7.399999999999999,7.399999999999999,8.13846153846154,"(40.92781981,-3.61839674)",4478,13
7.8,7.8,7.6,7.4,7.4,7.4,7.8,7.8,7.6,8.4,8.200000000000001,6.800000000000001,8.0,7.200000000000001,9.0,8.200000000000001,8.8,9.4,9.4,9.2,9.2,9.4,8.600000000000001,8.0,8.600000000000001,8.200000000000001,7.8,7.8,7.6,7.8,7.8,7.8,8.200000000000001,8.200000000000001,8.200000000000001,8.600000000000001,8.600000000000001,8.600000000000001,9.4,9.4,9.4,8.600000000000001,9.4,9.0,8.4,8.200000000000001,7.8,7.4,7.8,7.6,7.8,7.8,7.199999999999999,"(40.13843768,-0.27999337)",1881,10
6.6000000000000005,6.2,7.0,5.4,5.4,6.2,7.399999999999999,5.8,5.8,6.6000000000000005,7.4,7.4,7.000000000000001,7.4,7.8,9.0,7.4,8.600000000000001,9.0,8.200000000000001,9.0,9.0,9.0,8.600000000000001,9.4,9.4,9.0,9.4,9.0,9.0,9.0,9.0,9.4,8.600000000000001,9.0,9.4,9.4,9.4,9.4,9.0,9.0,9.0,9.0,7.4,5.8,7.000000000000001,5.8,6.6000000000000005,6.6000000000000005,5.4,7.399999999999999,7.0,4.6,"(43.04283345,-2.25423319)",3210,16
5.8,7.399999999999999,5.6,6.800000000000001,5.6,3.6,6.6000000000000005,6.800000000000001,4.4,4.800000000000001,7.199999999999999,6.800000000000001,6.800000000000001,5.2,5.0,6.2,6.800000000000001,7.200000000000001,7.200000000000001,8.0,8.0,8.4,8.8,8.8,9.4,9.4,9.4,8.600000000000001,9.0,8.600000000000001,8.600000000000001,8.600000000000001,9.4,9.0,9.0,9.4,9.0,5.8,9.0,9.0,6.0,4.6,4.2,6.2,5.6,6.0,5.2,5.2,7.399999999999999,5.8,3.6,7.0,4.561538461538461,"(40.41614328,-4.78592781)",416,0
7.8,7.8,7.000000000000001,8.200000000000001,8.200000000000001,7.8,7.8,7.8,8.600000000000001,8.600000000000001,8.600000000000001,8.200000000000001,9.0,9.0,9.0,8.600000000000001,9.0,9.0,9.4,9.4,9.4,9.4,9.0,8.600000000000001,8.600000000000001,8.600000000000001,7.8,8.200000000000001,8.200000000000001,8.200000000000001,8.200000000000001,8.200000000000001,8.600000000000001,8.600000000000001,8.600000000000001,8.200000000000001,8.600000000000001,8.600000000000001,9.0,9.4,9.4,9.4,9.4,9.0,9.0,9.0,9.0,9.0,9.0,8.200000000000001,8.200000000000001,8.200000000000001,7.8,"(38.58727823,-0.31086389)",247,10
6.6000000000000005,6.6000000000000005,6.6000000000000005,6.6000000000000005,6.4,6.000000000000001,6.6000000000000005,7.0,7.0,7.0,7.0,7.0,7.0,7.0,7.0,6.600000000000001,7.199999999999999,7.6,7.800000000000001,8.0,8.4,8.8,8.8,8.8,9.2,9.2,8.8,8.0,8.4,8.4,8.0,8.4,8.4,8.4,8.8,8.8,9.2,8.8,8.8,8.8,8.200000000000001,6.200000000000001,6.200000000000001,7.200000000000001,6.6000000000000005,7.0,7.0,6.6000000000000005,7.199999999999999,6.200000000000001,5.800000000000001,7.0,5.800000000000001,"(40.48866243,-6.10993723)",5370,0
7.399999999999999,7.399999999999999,7.0,6.800000000000001,6.800000000000001,6.4,7.399999999999999,7.399999999999999,7.199999999999999,7.199999999999999,7.399999999999999,7.199999999999999,7.199999999999999,7.399999999999999,7.399999999999999,7.4,7.6,8.4,8.8,9.0,8.600000000000001,9.0,9.4,9.4,9.4,9.0,8.600000000000001,8.0,8.0,8.0,8.200000000000001,8.0,8.200000000000001,8.200000000000001,8.600000000000001,9.0,9.4,9.4,9.0,9.0,9.0,8.200000000000001,8.200000000000001,7.8,7.199999999999999,7.399999999999999,7.399999999999999,7.399999999999999,7.399999999999999,7.399999999999999,7.399999999999999,7.399999999999999,6.800000000000001,"(40.06120013,-1.28669047)",7008,10
7.0,7.399999999999999,7.0,6.6000000000000005,6.2,7.0,7.399999999999999,7.399999999999999,7.0,7.0,7.6,7.399999999999999,7.399999999999999,7.4,7.8,8.200000000000001,6.2,7.8,9.0,8.200000000000001,9.0,8.200000000000001,9.0,9.0,9.4,9.0,8.600000000000001,8.600000000000001,8.600000000000001,8.600000000000001,8.200000000000001,8.200000000000001,8.600000000000001,9.0,9.0,8.600000000000001,9.0,9.4,9.0,9.0,8.600000000000001,7.000000000000001,8.200000000000001,7.4,7.0,7.399999999999999,7.0,7.399999999999999,7.399999999999999,7.0,7.399999999999999,7.399999999999999,7.0,"(42.50428276,0.80227472)",3867,9
7.0,7.0,7.0,6.6000000000000005,7.0,7.0,7.399999999999999,7.399999999999999,7.0,7.399999999999999,7.399999999999999,7.0,7.399999999999999,6.6000000000000005,7.8,7.8,5.8,7.8,8.600000000000001,8.200000000000001,8.600000000000001,8.200000000000001,8.600000000000001,8.600000000000001,9.4,9.4,8.600000000000001,9.0,9.4,8.600000000000001,8.600000000000001,8.600000000000001,9.4,9.0,9.4,9.0,9.0,9.0,9.0,8.600000000000001,7.4,7.8,8.200000000000001,7.4,7.0,7.399999999999999,6.6000000000000005,6.6000000000000005,7.399999999999999,7.0,7.399999999999999,7.6,7.0,"(42.1375302,1.59104546)",3994,9
7.399999999999999,7.199999999999999,6.800000000000001,6.4,5.2,6.0,6.4,7.199999999999999,6.800000000000001,6.800000000000001,7.199999999999999,7.199999999999999,7.0,6.200000000000001,6.800000000000001,7.200000000000001,7.199999999999999,7.6,7.6,8.0,7.6,8.4,8.8,8.8,9.2,8.8,8.8,8.4,8.8,8.4,8.4,8.8,8.8,8.4,8.8,9.2,9.2,8.4,8.8,9.0,8.0,7.200000000000001,7.200000000000001,7.8,6.0,6.800000000000001,6.800000000000001,6.800000000000001,7.399999999999999,7.0,6.0,7.199999999999999,5.2,"(42.93702816,-5.65595254)",3826,0
6.6000000000000005,7.0,6.2,6.4,5.0,6.0,7.399999999999999,7.399999999999999,6.6000000000000005,6.4,7.199999999999999,7.399999999999999,7.199999999999999,6.800000000000001,7.8,8.200000000000001,7.4,7.6,8.0,7.6,9.0,7.8,8.200000000000001,9.2,9.0,9.0,8.600000000000001,8.600000000000001,8.600000000000001,8.200000000000001,8.200000000000001,8.600000000000001,9.0,8.600000000000001,8.600000000000001,9.4,9.2,9.4,9.0,8.600000000000001,7.8,7.8,8.200000000000001,7.4,6.0,7.399999999999999,6.2,7.0,7.399999999999999,5.8,7.399999999999999,7.0,5.4,"(42.73893535,-0.75027194)",3511,2
5.8,7.399999999999999,5.6,6.800000000000001,5.6,3.6,6.6000000000000005,6.800000000000001,4.4,4.800000000000001,7.199999999999999,6.800000000000001,6.800000000000001,5.2,5.0,6.2,6.800000000000001,7.200000000000001,7.200000000000001,8.0,8.0,8.4,8.8,8.8,9.4,9.4,9.4,8.600000000000001,9.0,8.600000000000001,8.600000000000001,8.600000000000001,9.4,9.0,9.0,9.4,9.0,5.8,9.0,9.0,6.0,4.6,4.2,6.2,5.6,6.0,5.2,5.2,7.399999999999999,5.8,3.6,7.0,4.561538461538461,"(40.24318819,-4.91435677)",549,0
7.399999999999999,7.199999999999999,6.800000000000001,6.4,5.2,6.0,6.4,7.199999999999999,6.800000000000001,6.800000000000001,7.199999999999999,7.199999999999999,7.0,6.200000000000001,6.800000000000001,7.200000000000001,7.199999999999999,7.6,7.6,8.0,7.6,8.4,8.8,8.8,9.2,8.8,8.8,8.4,8.8,8.4,8.4,8.8,8.8,8.4,8.8,9.2,9.2,8.4,8.8,9.0,8.0,7.200000000000001,7.200000000000001,7.8,6.0,6.800000000000001,6.800000000000001,6.800000000000001,7.399999999999999,7.0,6.0,7.199999999999999,5.2,"(42.77474048,-5.88735711)",3769,0
6.6000000000000005,6.4,6.4,5.6000000000000005,5.6000000000000005,5.6000000000000005,7.199999999999999,7.0,6.8,7.0,7.0,6.6000000000000005,7.0,6.6000000000000005,7.6,7.4,7.6,7.6,8.8,8.0,8.4,8.4,8.8,9.2,8.8,9.2,8.4,8.8,8.8,8.4,8.4,8.4,8.8,9.2,9.2,9.2,8.8,8.8,8.8,8.8,8.4,7.6,8.0,7.6,6.8,7.199999999999999,7.0,5.800000000000001,6.6000000000000005,6.4,7.0,7.0,6.4,"(40.52795321,-0.4056737)",6618,2
7.0,7.2,6.6000000000000005,7.0,5.8,6.2,7.0,7.399999999999999,7.0,7.0,7.8,7.399999999999999,7.8,6.6000000000000005,7.000000000000001,7.4,7.8,8.200000000000001,7.8,9.0,9.0,9.2,9.2,9.2,9.6,9.6,9.2,8.8,8.8,8.8,8.8,8.8,8.8,8.8,8.8,9.2,9.6,9.2,9.2,9.2,8.4,6.800000000000001,7.200000000000001,8.0,7.0,7.6,7.2,7.6,7.6,6.6000000000000005,6.0,7.2,6.6000000000000005,"(42.27151828,-6.59448364)",3679,0
7.0,5.0,6.4,3.8,3.8,5.2,6.800000000000001,5.4,4.0,6.2,7.000000000000001,7.000000000000001,6.4,7.000000000000001,7.000000000000001,9.0,6.6000000000000005,8.200000000000001,8.200000000000001,5.8,8.200000000000001,7.399999999999999,8.600000000000001,7.399999999999999,9.0,9.4,9.0,9.0,9.4,8.600000000000001,9.4,8.600000000000001,9.4,9.0,9.0,9.0,8.600000000000001,9.4,9.4,7.399999999999999,8.200000000000001,8.600000000000001,8.600000000000001,6.6000000000000005,4.2,6.2,6.2,6.6000000000000005,7.0,4.2,7.8,7.0,4.800000000000001,"(43.17098542,-1.86445322)",4746,15
7.399999999999999,7.199999999999999,6.800000000000001,6.4,5.2,6.0,6.4,7.199999999999999,6.800000000000001,6.800000000000001,7.199999999999999,7.199999999999999,7.0,6.200000000000001,6.800000000000001,7.200000000000001,7.199999999999999,7.6,7.6,8.0,7.6,8.4,8.8,8.8,9.2,8.8,8.8,8.4,8.8,8.4,8.4,8.8,8.8,8.4,8.8,9.2,9.2,8.4,8.8,9.0,8.0,7.200000000000001,7.200000000000001,7.8,6.0,6.800000000000001,6.800000000000001,6.800000000000001,7.399999999999999,7.0,6.0,7.199999999999999,5.2,"(42.97244001,-6.00164929)",3748,0
7.0,7.0,7.0,6.800000000000001,7.199999999999999,6.800000000000001,7.399999999999999,7.399999999999999,7.199999999999999,7.6,7.8,7.8,7.6,7.6,8.200000000000001,8.4,7.8,9.0,9.0,9.0,9.0,9.0,9.0,9.4,9.0,8.600000000000001,8.200000000000001,8.200000000000001,8.200000000000001,7.8,8.200000000000001,8.200000000000001,8.600000000000001,8.200000000000001,8.600000000000001,9.0,9.4,9.4,9.4,9.4,9.0,8.600000000000001,9.0,7.8,7.199999999999999,7.399999999999999,7.399999999999999,7.399999999999999,7.399999999999999,7.0,7.399999999999999,7.0,6.800000000000001,"(42.62676989,-2.49825439)",11,16
5.8,6.0,5.8,5.2,4.2,5.2,6.800000000000001,6.4,5.2,5.6,6.800000000000001,7.199999999999999,6.4,6.4,7.200000000000001,8.0,6.800000000000001,7.6,7.6,7.6,8.8,8.4,8.8,8.4,9.2,8.4,8.0,8.6,8.6,8.4,8.200000000000001,8.4,6.6000000000000005,8.0,8.4,7.800000000000001,8.4,9.2,9.0,8.4,8.200000000000001,7.000000000000001,8.200000000000001,6.6000000000000005,5.8,7.399999999999999,6.4,6.2,7.0,4.6000000000000005,6.800000000000001,6.6000000000000005,4.6000000000000005,"(42.90487815,-1.09027535)",4814,15
7.0,7.0,7.0,6.6000000000000005,6.6000000000000005,6.6000000000000005,7.399999999999999,7.399999999999999,7.399999999999999,7.399999999999999,7.399999999999999,7.399999999999999,7.8,7.399999999999999,7.4,8.600000000000001,7.8,8.200000000000001,8.600000000000001,8.600000000000001,9.0,9.0,9.4,9.0,9.4,9.0,8.600000000000001,9.0,8.600000000000001,8.600000000000001,8.600000000000001,8.600000000000001,8.600000000000001,8.600000000000001,9.0,9.4,9.4,9.4,9.4,9.0,9.0,8.200000000000001,8.200000000000001,7.8,7.0,7.399999999999999,7.399999999999999,7.399999999999999,7.399999999999999,7.399999999999999,7.399999999999999,7.399999999999999,7.0,"(42.97075766,-3.78736247)",1487,0
7.0,7.0,6.6000000000000005,5.8,5.4,5.6,6.6000000000000005,7.0,5.6,6.0,7.199999999999999,7.199999999999999,6.800000000000001,6.4,6.800000000000001,7.200000000000001,7.199999999999999,7.6,7.6,7.6,8.0,8.4,8.8,8.8,8.8,8.8,8.6,8.6,9.0,9.0,9.0,8.6,9.0,9.2,9.2,9.2,8.8,8.4,9.0,8.4,8.200000000000001,6.6000000000000005,6.2,7.0,5.2,7.0,6.4,7.0,7.0,6.2,5.8,6.6000000000000005,6.176923076923076,"(42.97236289,-4.92539443)",3635,0
7.0,7.0,7.0,7.0,7.399999999999999,7.0,7.399999999999999,7.399999999999999,7.399999999999999,7.8,7.8,7.8,7.8,7.8,7.8,9.0,7.8,9.0,9.0,9.0,9.0,9.0,9.0,9.4,9.0,8.600000000000001,8.200000000000001,8.200000000000001,8.200000000000001,8.200000000000001,8.200000000000001,8.200000000000001,8.600000000000001,8.200000000000001,8.200000000000001,9.0,9.4,9.0,9.4,9.4,9.0,8.600000000000001,9.0,7.8,7.399999999999999,7.399999999999999,7.399999999999999,7.399999999999999,7.399999999999999,7.399999999999999,7.399999999999999,7.0,7.0,"(42.25523791,-2.63033158)",4204,17
7.399999999999999,7.399999999999999,7.399999999999999,6.800000000000001,6.800000000000001,6.800000000000001,7.399999999999999,7.199999999999999,7.199999999999999,7.199999999999999,7.399999999999999,7.199999999999999,7.199999999999999,7.6,7.8,7.6,7.6,8.0,8.8,8.8,8.4,8.8,9.2,8.8,9.0,8.4,8.0,8.0,8.4,8.600000000000001,8.0,8.600000000000001,8.600000000000001,8.4,9.4,9.4,9.0,9.4,9.0,9.0,9.0,8.200000000000001,8.200000000000001,8.200000000000001,7.6,7.399999999999999,7.199999999999999,7.399999999999999,7.399999999999999,7.399999999999999,7.399999999999999,7.399999999999999,7.199999999999999,"(40.55044776,-1.64989242)",6717,2
6.6000000000000005,7.0,6.6000000000000005,6.6000000000000005,5.8,6.2,7.399999999999999,7.399999999999999,7.399999999999999,6.4,7.399999999999999,7.399999999999999,7.399999999999999,7.4,7.4,7.8,5.8,8.200000000000001,8.600000000000001,8.600000000000001,8.200000000000001,8.200000000000001,8.200000000000001,9.0,9.0,9.0,8.200000000000001,8.200000000000001,8.200000000000001,8.200000000000001,7.8,8.200000000000001,8.600000000000001,9.0,9.4,8.600000000000001,9.0,8.600000000000001,9.0,9.0,7.8,7.000000000000001,7.4,6.6000000000000005,5.8,7.399999999999999,7.0,6.6000000000000005,7.399999999999999,6.6000000000000005,6.2,6.6000000000000005,7.684615384615385,"(42.63479217,0.21880551)",3364,2
7.8,7.8,7.000000000000001,8.200000000000001,8.200000000000001,7.8,7.8,7.8,8.600000000000001,8.600000000000001,8.600000000000001,8.200000000000001,9.0,9.0,9.0,8.600000000000001,9.0,9.0,9.4,9.4,9.4,9.4,9.0,8.600000000000001,8.600000000000001,8.600000000000001,7.8,8.200000000000001,8.200000000000001,8.200000000000001,8.200000000000001,8.200000000000001,8.600000000000001,8.600000000000001,8.600000000000001,8.200000000000001,8.600000000000001,8.600000000000001,9.0,9.4,9.4,9.4,9.4,9.0,9.0,9.0,9.0,9.0,9.0,8.200000000000001,8.200000000000001,8.200000000000001,7.8,"(38.67657681,-0.11168494)",182,10
6.800000000000001,6.800000000000001,6.2,4.6000000000000005,4.2,6.2,6.2,7.6,5.8,5.4,7.6,7.2,6.2,7.399999999999999,6.800000000000001,7.6,7.2,7.8,7.200000000000001,7.6,8.0,8.0,8.8,7.6,9.2,8.8,9.2,9.2,9.6,9.6,9.2,9.2,9.2,9.6,9.2,8.8,8.8,9.2,8.8,8.0,8.0,6.800000000000001,6.800000000000001,7.0,4.2,6.4,5.6,5.8,6.4,4.2,5.8,6.6000000000000005,6.707692307692308,"(43.15106068,-4.91746628)",3724,0
5.4,5.0,4.4,3.4000000000000004,3.6,4.0,5.6,4.2,4.0,5.2,6.6000000000000005,5.4,6.0,6.4,5.8,6.800000000000001,6.2,6.6000000000000005,7.4,6.6000000000000005,7.8,7.4,8.600000000000001,6.6000000000000005,8.600000000000001,7.8,9.0,8.600000000000001,9.0,8.600000000000001,9.0,9.0,9.0,9.0,8.200000000000001,8.600000000000001,7.0,9.0,7.4,6.2,7.4,6.2,6.6000000000000005,6.2,3.6,6.6000000000000005,6.4,4.4,5.0,3.6,6.6000000000000005,6.0,3.0,"(43.27558333,-3.712222222)",5822,6
7.8,7.6,7.6,7.199999999999999,7.4,7.0,7.8,7.8,7.6,8.4,8.0,7.6,8.0,8.0,8.4,8.0,8.8,9.2,9.2,9.2,9.2,9.2,8.4,8.4,8.4,8.0,8.0,8.0,8.0,7.6,7.6,7.6,7.6,8.0,8.200000000000001,8.600000000000001,8.8,8.600000000000001,9.0,9.0,9.4,9.0,9.0,9.0,8.4,7.8,7.8,7.200000000000001,7.8,7.6,7.8,7.8,7.6,"(39.9241561,-1.13281495)",7048,10
5.4,7.0,6.2,7.0,5.0,4.2,7.0,7.0,6.2,7.0,7.399999999999999,7.399999999999999,7.399999999999999,7.0,7.0,7.000000000000001,6.6000000000000005,7.8,8.200000000000001,8.200000000000001,8.200000000000001,8.200000000000001,9.0,9.0,9.4,9.4,9.0,8.600000000000001,9.0,8.600000000000001,8.600000000000001,8.600000000000001,9.0,8.600000000000001,9.0,9.4,9.0,9.0,9.0,9.0,8.200000000000001,7.8,7.4,7.0,5.8,6.6000000000000005,6.6000000000000005,6.6000000000000005,7.399999999999999,6.2,6.2,6.6000000000000005,5.4,"(42.11360843,-2.67313296)",4228,17
7.0,6.800000000000001,5.800000000000001,4.6000000000000005,5.0,5.800000000000001,7.0,6.6000000000000005,5.6000000000000005,5.2,6.6000000000000005,6.4,6.6000000000000005,7.199999999999999,7.0,7.8,7.0,7.399999999999999,7.8,7.0,7.8,7.8,7.4,7.4,7.8,8.600000000000001,9.0,9.0,9.0,9.0,9.0,9.0,8.600000000000001,9.0,9.0,8.200000000000001,8.200000000000001,9.0,7.8,7.4,7.8,7.000000000000001,7.200000000000001,6.6000000000000005,4.4,5.2,5.6,5.6,5.4,5.0,6.800000000000001,6.6000000000000005,4.4,"(43.25363889,-4.58)",5826,6
6.800000000000001,6.800000000000001,6.6000000000000005,6.800000000000001,7.0,6.6000000000000005,7.0,7.0,6.8,6.8,7.0,7.0,6.8,6.8,7.4,7.4,7.4,7.800000000000001,8.200000000000001,7.800000000000001,8.200000000000001,7.4,9.0,8.6,9.0,9.0,8.200000000000001,8.8,8.200000000000001,8.200000000000001,8.4,8.200000000000001,9.0,8.6,9.2,9.2,8.6,9.0,8.8,8.6,8.200000000000001,7.800000000000001,8.200000000000001,7.6,7.0,7.0,7.0,6.6000000000000005,6.800000000000001,6.800000000000001,7.0,7.199999999999999,7.0,"(42.29909451,-2.24330533)",4164,17
7.0,7.0,7.0,6.6000000000000005,7.0,7.0,7.399999999999999,7.399999999999999,7.0,7.399999999999999,7.399999999999999,7.0,7.399999999999999,6.6000000000000005,7.8,7.8,5.8,7.8,8.600000000000001,8.200000000000001,8.600000000000001,8.200000000000001,8.600000000000001,8.600000000000001,9.4,9.4,8.600000000000001,9.0,9.4,8.600000000000001,8.600000000000001,8.600000000000001,9.4,9.0,9.4,9.0,9.0,9.0,9.0,8.600000000000001,7.4,7.8,8.200000000000001,7.4,7.0,7.399999999999999,6.6000000000000005,6.6000000000000005,7.399999999999999,7.0,7.399999999999999,7.6,7.0,"(42.22931792,1.73609251)",1053,9
7.0,7.0,7.0,6.6000000000000005,6.6000000000000005,6.800000000000001,7.399999999999999,7.399999999999999,7.199999999999999,7.199999999999999,7.6,7.6,7.6,7.6,7.6,8.4,7.6,8.4,8.8,8.4,8.8,8.8,9.4,9.2,9.2,8.8,8.4,8.8,8.4,8.200000000000001,8.4,8.4,8.8,8.4,8.8,9.2,9.2,9.4,9.0,9.0,9.0,8.200000000000001,8.600000000000001,7.8,7.0,7.399999999999999,7.0,6.6000000000000005,7.399999999999999,7.0,7.399999999999999,7.0,6.6000000000000005,"(42.64417512,-2.71402821)",32,16
5.800000000000001,6.4,6.0,5.2,4.4,5.800000000000001,7.199999999999999,6.4,5.6,6.200000000000001,6.6000000000000005,7.0,6.6000000000000005,6.6000000000000005,7.4,7.800000000000001,7.200000000000001,7.4,7.800000000000001,7.4,7.800000000000001,8.4,8.8,8.6,9.0,9.0,8.200000000000001,9.0,8.200000000000001,8.200000000000001,8.200000000000001,8.6,8.6,8.200000000000001,8.6,9.0,9.0,9.2,8.8,8.4,8.4,8.0,8.200000000000001,7.4,4.800000000000001,6.800000000000001,6.800000000000001,6.4,7.199999999999999,4.6000000000000005,7.199999999999999,6.4,6.0,"(42.98992857,-1.33449709)",4687,15
